100,0
200,0
301,-1
400,0
500,-1
600,1
700,1
800,1
900,6
1000,12
1100,9
1200,7
1300,10
1400,7
1500,4
1600,11
1700,14
1800,12
1900,11
2000,14
2100,13
2200,12
2300,7
2400,3
2500,10
2600,11
2700,10
2800,11
2900,10
3000,13
3100,10
3200,6
3300,3
3400,8
3501,15
3600,15
3700,13
3800,13
3900,13
4000,16
4100,18
4200,13
4300,14
4400,16
4500,14
4600,10
4700,6
4800,4
4900,1
5000,-1
5100,-2
5200,1
5300,2
5400,-1
5500,0
5600,0
5700,1
5800,0
5900,0
6000,0
6100,0
6200,0
6300,0
6400,1
6500,0
6600,0
6701,1
6800,5
6900,11
7000,14
7100,11
7200,10
7300,6
7400,5
7500,1
7600,0
7700,0
7800,0
7900,0
8000,0
8100,0
8200,0
8300,0
8400,0
8500,0
8600,0
8700,0
8800,0
8900,0
9000,0
9100,0
9200,1
9300,0
9400,0
9500,1
9600,0
9700,1
9800,0
9901,0
10000,1
10100,0
10200,0
10300,0
10400,0
10500,0
10600,0
10700,0
10800,0
10900,0
11000,0
11100,0
11200,0
11300,0
11400,0
11500,0
11600,0
11700,-1
11800,-1
11900,3
12000,7
12100,10
12200,10
12300,7
12400,-2
12500,-3
12600,1
12700,1
12800,1
12900,-1
13000,0
13101,0
13200,0
13300,0
13400,0
13500,1
13600,0
13700,0
13800,0
13900,0
14000,0
14100,0
14200,0
14300,0
14400,0
14500,0
14600,0
14700,0
14800,0
14900,-1
15000,0
15100,0
15200,0
15300,0
15400,0
15500,0
15600,0
15700,0
15800,0
15900,0
16000,0
16100,1
16200,0
16301,-1
16400,-1
16500,-1
16600,6
16700,9
16800,7
16900,8
17000,8
17100,9
17200,6
17300,5
17400,4
17500,1
17600,-1
17700,7
17800,11
17900,15
18000,14
18100,10
18200,10
18300,13
18400,17
18500,18
18600,15
18700,16
18800,13
18900,8
19000,3
19100,1
19200,4
19300,6
19400,10
19501,9
19600,10
19700,6
19800,4
19900,2
20000,6
20100,5
20200,3
20300,3
20400,3
20500,3
20600,4
20700,2
20800,4
20900,9
21000,11
21100,13
21200,11
21300,2
21400,-1
21500,4
21600,6
21700,5
21800,4
21900,5
22000,4
22100,-1
22200,-1
22300,2
22400,1
22500,0
22600,0
22701,0
22800,0
22900,0
23000,0
23100,0
23200,0
23300,0
23400,0
23500,1
23600,0
23700,0
23800,0
23900,0
24000,0
24100,0
24200,0
24300,0
24400,0
24500,0
24600,0
24700,0
24800,0
24900,0
25000,0
25100,-1
25200,0
25300,0
25400,0
25500,0
25600,0
25700,0
25800,0
25901,0
26000,0
26100,0
26200,0
26300,0
26400,0
26500,0
26600,0
26700,0
26800,0
26900,0
27000,0
27100,0
27200,1
27300,0
27400,0
27500,2
27600,1
27700,3
27800,10
27900,12
28000,8
28100,4
28200,4
28300,-1
28400,0
28500,6
28600,6
28700,0
28800,-1
28900,0
29000,1
29101,0
29200,0
29300,0
29400,0
29500,1
29600,0
29700,1
29800,8
29900,14
30000,7
30100,7
30200,9
30300,12
30400,15
30500,14
30600,14
30700,14
30800,13
30900,13
31000,8
31100,6
31200,6
31300,1
31400,-2
31500,1
31600,4
31700,3
31800,1
31900,0
32000,3
32100,6
32200,6
32301,1
32400,2
32500,7
32600,5
32700,3
32800,0
32900,1
33000,0
33100,0
33200,0
33300,1
33400,0
33500,0
33600,0
33700,0
33800,0
33900,0
34000,0
34100,0
34200,0
34300,0
34400,0
34500,0
34600,0
34700,1
34800,0
34900,0
35000,0
35100,0
35200,0
35300,0
35400,0
35501,0
35600,0
35700,0
35800,0
35900,0
36000,0
36100,0
36200,0
36300,0
36400,0
36500,0
36600,0
36700,0
36800,0
36900,0
37000,0
37100,0
37200,0
37300,0
37400,0
37500,0
37600,0
37700,0
37800,0
37900,0
38000,1
38100,1
38200,0
38300,-1
38400,-1
38500,-1
38600,1
38701,1
38800,0
38900,-1
39000,1
39100,1
39200,1
39300,8
39400,13
39500,8
39600,10
39700,11
39800,10
39900,9
40000,10
40100,7
40200,7
40300,10
40400,8
40500,2
40600,7
40700,12
40800,11
40900,12
41000,15
41100,15
41200,17
41300,17
41400,17
41500,13
41600,10
41700,6
41800,2
41901,-2
42000,-1
42100,-1
42200,0
42300,0
42400,0
42500,0
42600,0
42700,1
42800,0
42900,0
43000,0
43100,0
43200,1
43300,0
43400,0
43500,0
43600,0
43700,0
43800,0
43900,0
44000,-1
44100,0
44200,0
44300,0
44400,0
44500,0
44600,0
44700,0
44800,0
44900,0
45000,0
45101,0
45200,0
45300,1
45400,0
45500,0
45600,0
45700,0
45800,0
45900,0
46000,0
46100,0
46200,0
46300,1
46400,3
46500,2
46600,7
46700,11
46800,6
46900,-3
47000,-2
47100,8
47200,13
47300,9
47400,7
47500,9
47600,10
47700,11
47800,9
47900,6
48000,1
48100,-2
48200,-1
48301,3
48400,3
48500,1
48600,-1
48700,1
48800,1
48900,0
49000,1
49100,4
49200,5
49300,9
49400,9
49500,2
49600,6
49700,12
49800,14
49900,13
50000,11
50100,12
50200,12
50300,13
50400,9
50500,2
50600,2
50700,1
50800,0
50900,1
51000,1
51100,1
51200,0
51300,0
51400,1
51501,0
51600,0
51700,0
51800,0
51900,0
52000,0
52100,0
52200,0
52300,0
52400,1
52500,0
52600,1
52700,0
52800,0
52900,0
53000,0
53100,0
53200,0
53300,0
53400,0
53500,1
53600,0
53700,1
53800,7
53900,13
54000,11
54100,7
54200,11
54300,12
54400,14
54500,12
54600,8
54701,10
54800,10
54900,8
55000,4
55100,1
55200,2
55300,3
55400,8
55500,11
55600,7
55700,8
55800,5
55900,2
56000,5
56100,7
56200,8
56300,5
56400,1
56500,1
56600,4
56700,5
56800,5
56900,2
57000,-2
57100,-1
57200,2
57300,1
57400,4
57500,2
57600,-2
57700,0
57800,1
57901,0
58000,-1
58100,0
58200,1
58300,0
58400,0
58500,0
58600,0
58700,0
58800,0
58900,0
59000,0
59100,0
59200,0
59300,0
59400,0
59500,0
59600,0
59700,0
59800,0
59900,0
60000,0
60100,0
60200,0
60300,0
60400,0
60500,0
60600,0
60700,0
60800,0
60900,0
61000,0
61101,0
61200,0
61300,1
61400,1
61500,4
61600,3
61700,0
61800,-1
61900,0
62000,1
62100,0
62200,3
62300,6
62400,7
62500,9
62600,9
62700,6
62800,3
62900,2
63000,1
63100,-1
63200,1
63300,5
63400,9
63500,6
63600,2
63700,6
63800,7
63900,5
64000,6
64100,6
64200,5
64301,4
64400,2
64500,5
64600,3
64700,-2
64800,0
64900,2
65000,0
65100,-1
65200,0
65300,0
65400,0
65500,0
65600,0
65700,0
65800,0
65900,0
66000,1
66100,0
66200,0
66300,0
66400,0
66500,-1
66600,0
66700,0
66800,0
66900,0
67000,0
67100,0
67200,0
67300,0
67400,0
67501,0
67600,1
67700,0
67800,1
67900,0
68000,0
68100,0
68200,0
68300,0
68400,0
68500,0
68600,0
68700,0
68800,1
68900,2
69000,6
69100,5
69200,-1
69300,-1
69400,1
69500,0
69600,0
69700,1
69800,0
69900,2
70000,8
70100,9
70200,6
70300,5
70400,7
70500,6
70600,3
70701,4
70800,6
70900,5
71000,0
71100,2
71200,7
71300,6
71400,3
71500,0
71600,1
71700,2
71800,0
71900,1
72000,3
72100,6
72200,5
72300,3
72400,6
72500,10
72600,9
72700,8
72800,8
72900,6
73000,7
73100,3
73200,1
73300,1
73400,6
73500,7
73600,4
73700,1
73800,3
73901,6
74000,7
74100,2
74200,0
74300,-1
74400,0
74500,1
74600,0
74700,0
74800,0
74900,1
75000,1
75100,4
75200,7
75300,10
75400,8
75500,3
75600,6
75700,10
75800,6
75900,8
76000,8
76100,2
76200,2
76300,5
76400,3
76500,-2
76600,0
76700,2
76800,1
76900,-3
77000,0
77101,3
77200,1
77300,1
77400,1
77500,4
77600,7
77700,8
77800,6
77900,7
78000,8
78100,4
78200,3
78300,6
78400,5
78500,0
78600,-1
78700,1
78800,0
78900,-1
79000,0
79100,0
79200,-1
79300,0
79400,0
79500,0
79600,-1
79700,0
79800,0
79900,0
80000,0
80100,0
80200,0
80301,1
80400,0
80500,0
80600,1
80700,0
80800,1
80900,0
81000,0
81100,0
81200,0
81300,0
81400,0
81500,0
81600,0
81700,0
81800,0
81900,0
82000,0
82100,0
82200,0
82300,0
82400,-1
82500,0
82600,0
82700,0
82800,0
82900,0
83000,0
83100,1
83200,0
83300,1
83400,2
83501,6
83600,5
83700,4
83800,3
83900,4
84000,3
84100,0
84200,2
84300,0
84400,-1
84500,1
84600,0
84700,1
84800,0
84900,2
85000,7
85100,4
85200,1
85300,2
85400,3
85500,3
85600,4
85700,8
85800,14
85900,13
86000,10
86100,7
86200,7
86300,9
86400,7
86500,2
86600,2
86701,5
86800,4
86900,1
87000,1
87100,6
87200,12
87300,11
87400,0
87500,-1
87600,5
87700,5
87800,6
87900,9
88000,9
88100,8
88200,9
88300,7
88400,7
88500,6
88600,10
88700,13
88800,10
88900,3
89000,2
89100,2
89200,2
89300,4
89400,7
89500,7
89600,3
89700,3
89800,5
89901,2
90000,0
90100,0
90200,2
90300,2
90400,0
90500,0
90600,0
90700,1
90800,0
90900,0
91000,0
91100,0
91200,0
91300,0
91400,0
91500,0
91600,0
91700,0
91800,0
91900,0
92000,0
92100,0
92200,0
92300,0
92400,0
92500,0
92600,0
92700,0
92800,0
92900,0
93000,1
93101,0
93200,1
93300,0
93400,1
93500,0
93600,1
93700,0
93800,0
93900,0
94000,0
94100,0
94200,-1
94300,0
94400,1
94500,0
94600,0
94700,0
94800,0
94900,0
95000,0
95100,0
95200,0
95300,0
95400,0
95500,0
95600,0
95700,0
95800,1
95900,-1
96000,-1
96100,0
96200,1
96301,1
96400,0
96500,1
96600,0
96700,0
96800,0
96900,0
97000,0
97100,0
97200,0
97300,0
97400,0
97500,0
97600,0
97700,0
97800,0
97900,0
98000,0
98100,0
98200,0
98300,0
98400,0
98500,0
98600,0
98700,0
98800,0
98900,0
99000,0
99100,0
99200,1
99300,-1
99400,0
99501,-1
99600,1
99700,0
99800,0
99900,0
100000,0
100100,0
100200,0
100300,0
100400,0
100500,0
100600,0
100700,0
100800,0
100900,0
101000,0
101100,0
101200,0
101300,-1
101400,0
101500,0
101600,0
101700,-1
101800,0
101900,0
102000,0
102100,0
102200,0
102300,0
102400,1
102500,0
102600,0
102701,0
102800,0
102900,0
103000,1
103100,0
103200,0
103300,0
103400,0
103500,0
103600,0
103700,0
103800,0
103900,0
104000,0
104100,0
104200,0
104300,0
104400,0
104500,0
104600,0
104700,0
104800,0
104900,-1
105000,0
105100,0
105200,-1
105300,0
105400,0
105500,0
105600,0
105700,0
105800,0
105901,0
106000,0
106100,0
106200,0
106300,0
106400,0
106500,0
106600,0
106700,0
106800,0
106900,0
107000,0
107100,0
107200,0
107300,0
107400,0
107500,0
107600,0
107700,0
107800,0
107900,0
108000,0
108100,0
108200,1
108300,0
108400,0
108500,1
108600,0
108700,0
108800,1
108900,0
109000,1
109101,0
109200,0
109300,0
109400,0
109500,0
109600,0
109700,0
109800,0
109900,0
110000,0
110100,0
110200,0
110300,-1
110400,0
110500,0
110600,0
110700,0
110800,0
110900,0
111000,0
111100,0
111200,0
111300,0
111400,1
111500,0
111600,0
111700,0
111800,0
111900,0
112000,0
112100,0
112200,0
112301,0
112400,0
112500,0
112600,0
112700,0
112800,0
112900,0
113000,0
113100,0
113200,0
113300,0
113400,1
113500,0
113600,0
113700,1
113800,0
113900,0
114000,0
114100,0
114200,0
114300,1
114400,0
114500,1
114600,0
114700,0
114800,0
114900,0
115000,0
115100,0
115200,0
115300,0
115400,0
115501,0
115600,0
115700,0
115800,0
115900,0
116000,0
116100,0
116200,0
116300,0
116400,0
116500,0
116600,0
116700,0
116800,0
116900,0
117000,0
117100,0
117200,0
117300,0
117400,0
117500,0
117600,0
117700,0
117800,0
117900,0
118000,0
118100,0
118200,0
118300,0
118400,0
118500,-1
118600,-1
118701,-1
118800,-3
118900,-4
119000,-1
119100,2
119200,3
119300,2
119400,-1
119500,-2
119600,-2
119700,0
119800,0
119900,1
120000,1
120100,-2
120200,-3
120300,0
120400,4
120500,4
120600,4
120700,6
120800,6
120900,9
121000,10
121100,9
121200,8
121300,5
121400,0
121500,-1
121600,-1
121700,2
121800,4
121901,2
122000,1
122100,8
122200,13
122300,12
122400,11
122500,7
122600,5
122700,6
122800,12
122900,17
123000,13
123100,11
123200,14
123300,21
123400,20
123500,18
123600,16
123700,17
123800,14
123900,8
124000,8
124100,7
124200,4
124300,1
124400,0
124500,0
124600,-2
124700,-1
124800,-2
124900,-1
125000,0
125101,1
125200,0
125300,0
125400,0
125500,1
125600,0
125700,0
125800,0
125900,0
126000,0
126100,0
126200,0
126300,0
126400,1
126500,0
126600,1
126700,0
126800,0
126900,0
127000,0
127100,0
127200,1
127300,0
127400,0
127500,0
127600,0
127700,0
127800,0
127900,1
128000,0
128100,1
128200,0
128301,0
128400,1
128500,0
128600,0
128700,0
128800,0
128900,0
129000,0
129100,0
129200,0
129300,0
129400,0
129500,-1
129600,0
129700,0
129800,-1
129900,0
130000,1
130100,0
130200,-1
130300,-1
130400,0
130500,0
130600,1
130700,1
130800,0
130900,0
131000,1
131100,0
131200,0
131300,0
131400,0
131501,0
131600,0
131700,-1
131800,0
131900,0
132000,0
132100,-1
132200,0
132300,0
132400,-1
132500,0
132600,0
132700,-1
132800,0
132900,0
133000,0
133100,0
133200,0
133300,0
133400,0
133500,0
133600,0
133700,0
133800,1
133900,0
134000,0
134100,1
134200,0
134300,1
134400,0
134500,0
134600,-1
134701,-1
134800,-3
134900,-4
135000,-2
135100,1
135200,2
135300,0
135400,0
135500,0
135600,1
135700,0
135800,0
135900,0
136000,0
136100,0
136200,0
136300,0
136400,-1
136500,0
136600,0
136700,0
136800,0
136900,0
137000,0
137100,0
137200,1
137300,0
137400,0
137500,0
137600,0
137700,0
137800,0
137901,0
138000,0
138100,0
138200,0
138300,0
138400,0
138500,0
138600,0
138700,0
138800,-1
138900,0
139000,0
139100,0
139200,-1
139300,1
139400,1
139500,0
139600,-2
139700,-3
139800,1
139900,1
140000,0
140100,0
140200,0
140300,0
140400,1
140500,0
140600,0
140700,0
140800,0
140900,0
141000,0
141101,0
141200,1
141300,1
141400,0
141500,0
141600,0
141700,0
141800,0
141900,2
142000,1
142100,-1
142200,-1
142300,-1
142400,1
142500,0
142600,-1
142700,1
142800,0
142900,0
143000,0
143100,0
143200,0
143300,0
143400,0
143500,0
143600,0
143700,0
143800,0
143900,0
144000,0
144100,0
144200,0
144301,0
144400,0
144500,0
144600,0
144700,0
144800,0
144900,0
145000,0
145100,0
145200,0
145300,0
145400,1
145500,0
145600,0
145700,0
145800,0
145900,0
146000,0
146100,0
146200,0
146300,0
146400,0
146500,0
146600,1
146700,-1
146800,-1
146900,-1
147000,-2
147100,-4
147200,-1
147300,2
147400,-1
147501,-1
147600,1
147700,0
147800,-1
147900,1
148000,1
148100,0
148200,-1
148300,0
148400,0
148500,0
148600,0
148700,0
148800,0
148900,0
149000,0
149100,0
149200,0
149300,0
149400,0
149500,1
149600,0
149700,0
149800,0
149900,0
150000,0
150100,0
150200,0
150300,0
150400,0
150500,1
150600,3
150701,1
150800,-2
150900,-1
151000,0
151100,1
151200,-1
151300,0
151400,0
151500,0
151600,0
151700,0
151800,0
151900,0
152000,-1
152100,0
152200,0
152300,0
152400,-1
152500,0
152600,0
152700,0
152800,0
152900,0
153000,0
153100,0
153200,0
153300,0
153400,1
153500,1
153600,-1
153700,0
153800,0
153901,0
154000,0
154100,0
154200,0
154300,0
154400,0
154500,0
154600,0
154700,0
154800,0
154900,0
155000,0
155100,0
155200,0
155300,0
155400,0
155500,0
155600,0
155700,0
155800,0
155900,0
156000,0
156100,1
156200,-1
156300,-2
156400,-1
156500,0
156600,0
156700,1
156800,0
156900,1
157000,0
157101,0
157200,0
157300,0
157400,0
157500,0
157600,0
157700,0
157800,0
157900,0
158000,0
158100,1
158200,0
158300,0
158400,0
158500,0
158600,0
158700,0
158800,1
158900,0
159000,-1
159100,0
159200,0
159300,0
159400,0
159500,0
159600,0
159700,0
159800,0
159900,0
160000,0
160100,0
160200,0
160301,0
160400,0
160500,1
160600,0
160700,1
160800,0
160900,0
161000,0
161100,0
161200,0
161300,0
161400,0
161500,0
161600,0
161700,0
161800,0
161900,0
162000,0
162100,0
162200,0
162300,0
162400,0
162500,-1
162600,-3
162700,-2
162800,0
162900,-1
163000,0
163100,0
163200,1
163300,0
163400,0
163501,0
163600,0
163700,0
163800,0
163900,0
164000,0
164100,0
164200,0
164300,0
164400,0
164500,1
164600,0
164700,0
164800,0
164900,0
165000,0
165100,0
165200,0
165300,0
165400,0
165500,0
165600,0
165700,0
165800,0
165900,0
166000,0
166100,0
166200,0
166300,1
166400,1
166500,-5
166600,-3
166701,1
166800,2
166900,0
167000,-2
167100,-1
167200,1
167300,0
167400,-1
167500,0
167600,1
167700,1
167800,-1
167900,0
168000,0
168100,1
168200,0
168300,0
168400,1
168500,0
168600,0
168700,0
168800,0
168900,0
169000,0
169100,0
169200,0
169300,0
169400,0
169500,0
169600,0
169700,0
169800,-1
169901,0
170000,0
170100,0
170200,0
170300,0
170400,0
170500,0
170600,0
170700,0
170800,0
170900,0
171000,0
171100,1
171200,0
171300,1
171400,0
171500,1
171600,0
171700,0
171800,0
171900,0
172000,0
172100,0
172200,0
172300,0
172400,0
172500,0
172600,0
172700,0
172800,0
172900,0
173000,0
173101,0
173200,0
173300,0
173400,0
173500,0
173600,-1
173700,0
173800,0
173900,0
174000,1
174100,-1
174200,-3
174300,-4
174400,0
174500,4
174600,2
174700,-4
174800,-3
174900,1
175000,2
175100,0
175200,-1
175300,-1
175400,1
175500,0
175600,-1
175700,1
175800,0
175900,0
176000,0
176100,0
176200,0
176301,0
176400,0
176500,0
176600,0
176700,0
176800,-1
176900,0
177000,0
177100,0
177200,1
177300,0
177400,-2
177500,0
177600,1
177700,2
177800,0
177900,-1
178000,-1
178100,1
178200,0
178300,-1
178400,0
178500,0
178600,0
178700,0
178800,0
178900,0
179000,-1
179100,0
179200,0
179300,0
179400,-1
179501,0
179600,0
179700,0
179800,1
179900,0
180000,-2
180100,0
180200,0
180300,-1
180400,0
180500,1
180600,0
180700,0
180800,0
180900,0
181000,0
181100,0
181200,0
181300,0
181400,0
181500,0
181600,0
181700,0
181800,0
181900,0
182000,0
182100,1
182200,1
182300,-1
182400,-1
182500,0
182600,2
182701,0
182800,-1
182900,0
183000,2
183100,0
183200,-1
183300,0
183400,0
183500,0
183600,-1
183700,0
183800,0
183900,0
184000,0
184100,0
184200,0
184300,0
184400,0
184500,0
184600,0
184700,0
184800,0
184900,0
185000,1
185100,0
185200,0
185300,0
185400,-1
185500,-1
185600,1
185700,1
185800,-1
185901,0
186000,-1
186100,1
186200,0
186300,0
186400,1
186500,0
186600,0
186700,0
186800,0
186900,0
187000,0
187100,0
187200,0
187300,0
187400,0
187500,0
187600,0
187700,0
187800,0
187900,0
188000,0
188100,0
188200,0
188300,0
188400,0
188500,0
188600,0
188700,0
188800,0
188900,0
189000,0
189101,0
189200,0
189300,0
189400,0
189500,0
189600,0
189700,0
189800,0
189900,1
190000,0
190100,-1
190200,-1
190300,1
190400,1
190500,0
190600,-1
190700,0
190800,0
190900,0
191000,0
191100,0
191200,0
191300,0
191400,0
191500,0
191600,0
191700,0
191800,0
191900,0
192000,0
192100,0
192200,0
192301,0
192400,0
192500,0
192600,0
192700,1
192800,1
192900,0
193000,0
193100,-1
193200,0
193300,0
193400,0
193500,-1
193600,0
193700,0
193800,0
193900,0
194000,0
194100,0
194200,0
194300,0
194400,0
194500,0
194600,0
194700,0
194800,0
194900,0
195000,0
195100,0
195200,0
195300,0
195400,0
195501,0
195600,0
195700,0
195800,0
195900,0
196000,0
196100,0
196200,0
196300,0
196400,0
196500,0
196600,0
196700,0
196800,0
196900,0
197000,0
197100,0
197200,1
197300,0
197400,-1
197500,-2
197600,1
197700,1
197800,0
197900,-1
198000,1
198100,1
198200,-1
198300,-1
198400,1
198500,0
198600,0
198701,0
198800,0
198900,0
199000,0
199100,0
199200,0
199300,0
199400,1
199500,0
199600,0
199700,1
199800,0
199900,0
200000,0
200100,0
200200,0
200300,0
200400,0
200500,0
200600,0
200700,0
200800,0
200900,0
201000,0
201100,0
201200,0
201300,0
201400,0
201500,0
201600,0
201700,-1
201800,0
201901,0
202000,0
202100,-1
202200,0
202300,0
202400,-1
202500,0
202600,0
202700,0
202800,0
202900,0
203000,0
203100,0
203200,0
203300,0
203400,0
203500,0
203600,0
203700,0
203800,0
203900,0
204000,0
204100,0
204200,0
204300,1
204400,0
204500,-1
204600,-1
204700,1
204800,0
204900,-1
205000,0
205101,1
205200,0
205300,0
205400,-1
205500,-2
205600,-1
205700,1
205800,1
205900,0
206000,0
206100,1
206200,0
206300,0
206400,0
206500,0
206600,0
206700,0
206800,0
206900,0
207000,0
207100,0
207200,0
207300,0
207400,0
207500,1
207600,0
207700,0
207800,0
207900,0
208000,0
208100,0
208200,0
208301,0
208400,0
208500,1
208600,-1
208700,0
208800,0
208900,1
209000,0
209100,0
209200,0
209300,0
209400,0
209500,0
209600,0
209700,0
209800,0
209900,0
210000,0
210100,0
210200,0
210300,0
210400,0
210500,0
210600,0
210700,0
210800,0
210900,0
211000,0
211100,0
211200,0
211300,0
211400,0
211501,0
211600,0
211700,-1
211800,-1
211900,-1
212000,0
212100,1
212200,0
212300,0
212400,0
212500,0
212600,0
212700,0
212800,0
212900,0
213000,1
213100,0
213200,0
213300,0
213400,0
213500,0
213600,0
213700,0
213800,0
213900,0
214000,-2
214100,0
214200,1
214300,2
214400,0
214500,-1
214600,1
214701,0
214800,0
214900,0
215000,0
215100,0
215200,0
215300,0
215400,0
215500,0
215600,0
215700,0
215800,0
215900,0
216000,1
216100,0
216200,0
216300,0
216400,0
216500,0
216600,0
216700,0
216800,0
216900,0
217000,0
217100,0
217200,0
217300,0
217400,0
217500,0
217600,0
217700,0
217800,0
217901,0
218000,0
218100,-1
218200,0
218300,-1
218400,0
218500,-1
218600,1
218700,1
218800,-1
218900,0
219000,0
219100,0
219200,0
219300,0
219400,0
219500,0
219600,1
219700,0
219800,0
219900,0
220000,0
220100,0
220200,0
220300,0
220400,0
220500,0
220600,0
220700,0
220800,0
220900,0
221000,0
221101,-1
221200,-1
221300,-1
221400,0
221500,1
221600,1
221700,0
221800,0
221900,0
222000,0
222100,1
222200,0
222300,0
222400,0
222500,0
222600,0
222700,0
222800,0
222900,0
223000,0
223100,0
223200,0
223300,0
223400,0
223500,0
223600,0
223700,0
223800,0
223900,0
224000,0
224100,0
224200,0
224301,0
224400,0
224500,0
224600,0
224700,0
224800,0
224900,0
225000,-1
225100,-1
225200,-1
225300,1
225400,0
225500,-1
225600,1
225700,0
225800,0
225900,0
226000,0
226100,0
226200,1
226300,0
226400,0
226500,1
226600,0
226700,0
226800,0
226900,0
227000,0
227100,0
227200,0
227300,0
227400,0
227501,0
227600,0
227700,0
227800,0
227900,0
228000,0
228100,0
228200,0
228300,0
228400,0
228500,0
228600,0
228700,0
228800,0
228900,0
229000,0
229100,0
229200,0
229300,0
229400,0
229500,0
229600,0
229700,0
229800,0
229900,0
230000,0
230100,1
230200,0
230300,0
230400,1
230500,0
230600,0
230701,0
230800,0
230900,0
231000,0
231100,0
231200,0
231300,1
231400,0
231500,-1
231600,-2
231700,-2
231800,0
231900,1
232000,0
232100,-1
232200,1
232300,0
232400,1
232500,0
232600,0
232700,1
232800,0
232900,0
233000,0
233100,0
233200,0
233300,0
233400,0
233500,0
233600,0
233700,-1
233800,0
233901,0
234000,0
234100,0
234200,0
234300,0
234400,1
234500,0
234600,0
234700,0
234800,0
234900,0
235000,0
235100,0
235200,0
235300,0
235400,0
235500,0
235600,0
235700,0
235800,0
235900,0
236000,0
236100,0
236200,0
236300,0
236400,0
236500,0
236600,0
236700,0
236800,0
236900,0
237000,0
237101,0
237200,0
237300,0
237400,0
237500,0
237600,0
237700,0
237800,0
237900,0
238000,0
238100,0
238200,0
238300,0
238400,0
238500,1
238600,0
238700,-1
238800,-1
238900,-1
239000,0
239100,0
239200,0
239300,1
239400,0
239500,0
239600,0
239700,0
239800,0
239900,0
240000,0
240100,0
240200,0
240301,0
240400,0
240500,0
240600,1
240700,0
240800,0
240900,0
241000,0
241100,0
241200,0
241300,0
241400,0
241500,0
241600,0
241700,0
241800,0
241900,0
242000,0
242100,0
242200,0
242300,0
242400,-1
242500,-2
242600,0
242700,1
242800,1
242900,0
243000,-1
243100,0
243200,1
243300,0
243400,0
243501,0
243600,0
243700,0
243800,0
243900,1
244000,0
244100,0
244200,0
244300,0
244400,0
244500,0
244600,0
244700,0
244800,0
244900,0
245000,0
245100,0
245200,0
245300,0
245400,0
245500,0
245600,0
245700,0
245800,0
245900,0
246000,0
246100,0
246200,0
246300,0
246400,0
246500,0
246600,-3
246701,-4
246800,-5
246900,-3
247000,2
247100,1
247200,-3
247300,-4
247400,0
247500,3
247600,8
247700,9
247800,3
247900,-1
248000,-1
248100,3
248200,8
248300,10
248400,7
248500,0
248600,-3
248700,-2
248800,-1
248900,0
249000,1
249100,-1
249200,-2
249300,-1
249400,1
249500,4
249600,6
249700,7
249800,3
249901,4
250000,3
250100,-1
250200,2
250300,9
250400,4
250500,-3
250600,-3
250700,-4
250800,-3
250900,5
251000,10
251100,10
251200,7
251300,11
251400,12
251500,8
251600,5
251700,6
251800,14
251900,11
252000,7
252100,8
252200,15
252300,18
252400,13
252500,12
252600,15
252700,20
252800,16
252900,15
253000,16
253101,16
253200,14
253300,10
253400,6
253500,0
253600,-3
253700,-1
253800,3
253900,9
254000,13
254100,10
254200,2
254300,-1
254400,1
254500,8
254600,12
254700,14
254800,9
254900,5
255000,5
255100,5
255200,7
255300,9
255400,6
255500,2
255600,-1
255700,-1
255800,4
255900,3
256000,1
256100,-1
256200,-1
256301,1
256400,0
256500,-1
256600,0
256700,0
256800,0
256900,0
257000,0
257100,0
257200,0
257300,1
257400,0
257500,0
257600,0
257700,-1
257800,0
257900,0
258000,0
258100,0
258200,0
258300,0
258400,0
258500,0
258600,0
258700,-1
258800,0
258900,0
259000,-1
259100,0
259200,0
259300,-1
259400,0
259501,0
259600,-1
259700,0
259800,0
259900,-1
260000,0
260100,0
260200,1
260300,0
260400,-3
260500,-1
260600,4
260700,5
260800,7
260900,8
261000,3
261100,2
261200,3
261300,2
261400,0
261500,1
261600,2
261700,2
261800,4
261900,9
262000,10
262100,6
262200,4
262300,2
262400,4
262500,8
262600,8
262701,9
262800,6
262900,1
263000,1
263100,4
263200,2
263300,2
263400,4
263500,2
263600,4
263700,9
263800,12
263900,10
264000,3
264100,-4
264200,-2
264300,4
264400,3
264500,-1
264600,-1
264700,0
264800,0
264900,1
265000,0
265100,0
265200,1
265300,0
265400,0
265500,0
265600,0
265700,0
265800,0
265901,0
266000,0
266100,0
266200,0
266300,0
266400,0
266500,0
266600,0
266700,0
266800,0
266900,0
267000,0
267100,0
267200,0
267300,0
267400,0
267500,0
267600,0
267700,0
267800,0
267900,0
268000,0
268100,0
268200,0
268300,0
268400,0
268500,0
268600,0
268700,0
268800,0
268900,0
269000,-1
269101,0
269200,0
269300,0
269400,0
269500,0
269600,0
269700,0
269800,0
269900,0
270000,0
270100,0
270200,0
270300,0
270400,0
270500,0
270600,0
270700,-1
270800,0
270900,0
271000,0
271100,0
271200,0
271300,0
271400,0
271500,0
271600,0
271700,0
271800,0
271900,0
272000,0
272100,0
272200,0
272301,0
272400,0
272500,0
272600,0
272700,0
272800,0
272900,0
273000,0
273100,0
273200,0
273300,0
273400,0
273500,0
273600,0
273700,0
273800,0
273900,0
274000,0
274100,0
274200,0
274300,0
274400,0
274500,0
274600,0
274700,0
274800,0
274900,0
275000,0
275100,0
275200,0
275300,0
275400,0
275501,0
275600,0
275700,0
275800,0
275900,0
276000,0
276100,0
276200,0
276300,0
276400,0
276500,0
276600,0
276700,0
276800,0
276900,0
277000,0
277100,0
277200,0
277300,0
277400,0
277500,0
277600,0
277700,0
277800,0
277900,0
278000,0
278100,0
278200,0
278300,0
278400,1
278500,2
278600,-1
278701,-3
278800,-4
278900,-4
279000,-3
279100,-1
279200,1
279300,1
279400,-1
279500,1
279600,2
279700,0
279800,-1
279900,0
280000,0
280100,0
280200,-3
280300,-4
280400,1
280500,5
280600,6
280700,2
280800,-2
280900,-1
281000,0
281100,0
281200,-1
281300,0
281400,0
281500,-1
281600,1
281700,6
281800,11
281901,7
282000,7
282100,11
282200,12
282300,13
282400,11
282500,11
282600,11
282700,14
282800,16
282900,13
283000,11
283100,15
283200,17
283300,16
283400,10
283500,7
283600,7
283700,9
283800,6
283900,3
284000,1
284100,2
284200,5
284300,6
284400,9
284500,8
284600,6
284700,4
284800,6
284900,8
285000,5
285101,1
285200,2
285300,3
285400,6
285500,3
285600,3
285700,7
285800,7
285900,12
286000,12
286100,6
286200,-1
286300,1
286400,1
286500,1
286600,0
286700,2
286800,1
286900,-1
287000,-2
287100,0
287200,2
287300,1
287400,0
287500,-1
287600,0
287700,0
287800,0
287900,1
288000,0
288100,0
288200,0
288301,0
288400,0
288500,0
288600,0
288700,0
288800,0
288900,0
289000,0
289100,0
289200,0
289300,0
289400,0
289500,0
289600,0
289700,0
289800,0
289900,0
290000,0
290100,0
290200,0
290300,0
290400,0
290500,0
290600,0
290700,0
290800,0
290900,0
291000,0
291100,0
291200,0
291300,0
291400,0
291501,0
291600,0
291700,0
291800,0
291900,0
292000,1
292100,0
292200,0
292300,1
292400,0
292500,1
292600,0
292700,0
292800,1
292900,0
293000,0
293100,1
293200,0
293300,0
293400,0
293500,1
293600,1
293700,0
293800,-1
293900,0
294000,1
294100,0
294200,0
294300,1
294400,0
294500,1
294600,0
294701,0
294800,1
294900,0
295000,0
295100,0
295200,0
295300,0
295400,0
295500,0
295600,0
295700,0
295800,0
295900,0
296000,0
296100,0
296200,-1
296300,0
296400,1
296500,0
296600,0
296700,0
296800,0
296900,0
297000,0
297100,0
297200,0
297300,0
297400,0
297500,0
297600,0
297700,0
297800,0
297901,0
298000,0
298100,0
298200,0
298300,1
298400,0
298500,1
298600,0
298700,0
298800,1
298900,0
299000,0
299100,1
299200,0
299300,0
299400,0
299500,0
299600,0
299700,0
299800,0
299900,0
300000,0
300100,0
300200,0
300300,0
300400,-1
300500,0
300600,0
300700,1
300800,0
300900,-1
301000,0
301101,1
301200,-3
301300,-1
301400,-1
301500,-1
301600,2
301700,0
301800,-1
301900,0
302000,0
302100,0
302200,0
302300,0
302400,0
302500,1
302600,0
302700,0
302800,1
302900,0
303000,0
303100,0
303200,0
303300,-1
303400,0
303500,0
303600,0
303700,1
303800,0
303900,-1
304000,-1
304100,-2
304200,-2
304301,-2
304400,1
304500,1
304600,0
304700,1
304800,1
304900,0
305000,0
305100,-1
305200,-5
305300,-2
305400,5
305500,9
305600,4
305700,-3
305800,-3
305900,1
306000,2
306100,1
306200,-1
306300,0
306400,1
306500,0
306600,-1
306700,0
306800,0
306900,0
307000,0
307100,0
307200,0
307300,0
307400,0
307501,0
307600,0
307700,0
307800,0
307900,0
308000,0
308100,0
308200,1
308300,0
308400,0
308500,0
308600,0
308700,1
308800,0
308900,-1
309000,-1
309100,-1
309200,2
309300,1
309400,0
309500,-1
309600,0
309700,0
309800,0
309900,0
310000,0
310100,0
310200,-1
310300,0
310400,0
310500,0
310600,0
310701,0
310800,0
310900,1
311000,0
311100,0
311200,0
311300,1
311400,0
311500,0
311600,0
311700,0
311800,0
311900,0
312000,0
312100,0
312200,0
312300,0
312400,0
312500,0
312600,0
312700,0
312800,0
312900,0
313000,0
313100,0
313200,0
313300,1
313400,-1
313500,-4
313600,-1
313700,1
313800,2
313901,0
314000,-1
314100,0
314200,0
314300,0
314400,0
314500,0
314600,0
314700,0
314800,0
314900,0
315000,0
315100,0
315200,0
315300,0
315400,0
315500,0
315600,0
315700,1
315800,0
315900,0
316000,0
316100,0
316200,0
316300,0
316400,0
316500,0
316600,0
316700,0
316800,0
316900,0
317000,0
317101,0
317200,0
317300,0
317400,0
317500,0
317600,0
317700,0
317800,1
317900,0
318000,0
318100,-3
318200,-2
318300,2
318400,2
318500,1
318600,-1
318700,-1
318800,0
318900,0
319000,0
319100,0
319200,0
319300,0
319400,0
319500,0
319600,-1
319700,1
319800,1
319900,0
320000,0
320100,0
320200,1
320301,0
320400,0
320500,0
320600,0
320700,0
320800,0
320900,0
321000,0
321100,0
321200,0
321300,0
321400,0
321500,0
321600,0
321700,0
321800,0
321900,0
322000,0
322100,0
322200,0
322300,0
322400,-1
322500,0
322600,0
322700,1
322800,1
322900,-1
323000,-1
323100,-2
323200,0
323300,-1
323400,1
323501,1
323600,0
323700,0
323800,0
323900,0
324000,0
324100,1
324200,0
324300,0
324400,0
324500,0
324600,0
324700,0
324800,0
324900,0
325000,0
325100,0
325200,0
325300,0
325400,0
325500,0
325600,0
325700,0
325800,0
325900,0
326000,-1
326100,0
326200,0
326300,0
326400,0
326500,0
326600,0
326701,0
326800,0
326900,0
327000,0
327100,0
327200,0
327300,0
327400,0
327500,0
327600,0
327700,1
327800,1
327900,-1
328000,-2
328100,-4
328200,-5
328300,0
328400,2
328500,1
328600,-2
328700,-2
328800,1
328900,1
329000,1
329100,-1
329200,0
329300,1
329400,0
329500,0
329600,-1
329700,0
329800,0
329901,0
330000,0
330100,0
330200,0
330300,1
330400,0
330500,0
330600,0
330700,0
330800,0
330900,0
331000,0
331100,1
331200,1
331300,0
331400,0
331500,0
331600,0
331700,0
331800,0
331900,0
332000,0
332100,0
332200,0
332300,0
332400,0
332500,0
332600,-1
332700,0
332800,2
332900,-1
333000,-1
333101,1
333200,1
333300,0
333400,-1
333500,0
333600,-1
333700,-1
333800,-1
333900,-1
334000,0
334100,0
334200,2
334300,0
334400,0
334500,-1
334600,0
334700,0
334800,0
334900,0
335000,0
335100,0
335200,0
335300,0
335400,0
335500,0
335600,0
335700,0
335800,0
335900,0
336000,0
336100,0
336200,0
336301,0
336400,1
336500,0
336600,0
336700,1
336800,0
336900,0
337000,0
337100,-1
337200,-1
337300,1
337400,1
337500,0
337600,0
337700,0
337800,1
337900,0
338000,0
338100,0
338200,0
338300,0
338400,0
338500,0
338600,-1
338700,1
338800,1
338900,-1
339000,-2
339100,-1
339200,2
339300,3
339400,-1
339501,-1
339600,0
339700,1
339800,0
339900,-1
340000,0
340100,0
340200,0
340300,0
340400,0
340500,0
340600,0
340700,0
340800,0
340900,0
341000,0
341100,0
341200,0
341300,0
341400,0
341500,1
341600,1
341700,0
341800,-2
341900,-1
342000,1
342100,4
342200,0
342300,-2
342400,-1
342500,1
342600,1
342701,0
342800,-1
342900,0
343000,0
343100,0
343200,-1
343300,0
343400,0
343500,0
343600,-1
343700,0
343800,1
343900,1
344000,0
344100,0
344200,1
344300,0
344400,0
344500,0
344600,0
344700,0
344800,0
344900,0
345000,0
345100,0
345200,0
345300,-1
345400,0
345500,0
345600,-1
345700,0
345800,0
345901,-1
346000,-1
346100,2
346200,1
346300,-1
346400,-1
346500,0
346600,1
346700,1
346800,0
346900,0
347000,0
347100,0
347200,-1
347300,-1
347400,1
347500,0
347600,-1
347700,0
347800,1
347900,0
348000,-1
348100,0
348200,0
348300,0
348400,0
348500,0
348600,0
348700,0
348800,0
348900,0
349000,0
349101,0
349200,0
349300,0
349400,0
349500,0
349600,0
349700,0
349800,0
349900,0
350000,1
350100,0
350200,0
350300,1
350400,0
350500,-2
350600,-3
350700,1
350800,3
350900,0
351000,-1
351100,1
351200,0
351300,0
351400,0
351500,0
351600,0
351700,0
351800,0
351900,0
352000,0
352100,0
352200,0
352301,1
352400,0
352500,0
352600,0
352700,1
352800,0
352900,0
353000,1
353100,0
353200,0
353300,0
353400,0
353500,1
353600,0
353700,0
353800,0
353900,0
354000,0
354100,0
354200,0
354300,0
354400,0
354500,0
354600,0
354700,1
354800,0
354900,-1
355000,-1
355100,0
355200,1
355300,0
355400,-1
355501,0
355600,0
355700,0
355800,-1
355900,0
356000,0
356100,0
356200,0
356300,-1
356400,0
356500,0
356600,1
356700,0
356800,0
356900,-1
357000,-1
357100,-2
357200,0
357300,2
357400,1
357500,-1
357600,-1
357700,0
357800,0
357900,0
358000,-1
358100,0
358200,0
358300,0
358400,0
358500,0
358600,0
358701,0
358800,0
358900,0
359000,1
359100,0
359200,0
359300,0
359400,1
359500,0
359600,0
359700,0
359800,0
359900,0
360000,0
360100,0
360200,0
360300,0
360400,0
360500,0
360600,0
360700,0
360800,0
360900,0
361000,0
361100,0
361200,0
361300,0
361400,0
361500,0
361600,0
361700,0
361800,-1
361901,0
362000,0
362100,0
362200,0
362300,0
362400,-1
362500,0
362600,0
362700,1
362800,0
362900,0
363000,1
363100,0
363200,0
363300,0
363400,0
363500,0
363600,0
363700,0
363800,0
363900,0
364000,0
364100,0
364200,-1
364300,1
364400,1
364500,-1
364600,-2
364700,1
364800,2
364900,0
365000,-1
365101,0
365200,0
365300,0
365400,0
365500,-1
365600,0
365700,0
365800,0
365900,0
366000,0
366100,0
366200,0
366300,0
366400,0
366500,0
366600,0
366700,1
366800,0
366900,-1
367000,-3
367100,-1
367200,2
367300,2
367400,-1
367500,-1
367600,1
367700,0
367800,0
367900,-1
368000,0
368100,0
368200,0
368301,0
368400,0
368500,0
368600,0
368700,0
368800,0
368900,0
369000,1
369100,1
369200,-1
369300,-3
369400,-3
369500,3
369600,3
369700,1
369800,-2
369900,-1
370000,1
370100,1
370200,0
370300,-1
370400,0
370500,0
370600,0
370700,0
370800,0
370900,-1
371000,0
371100,1
371200,0
371300,0
371400,0
371501,0
371600,1
371700,-1
371800,0
371900,0
372000,0
372100,0
372200,0
372300,0
372400,0
372500,0
372600,0
372700,0
372800,0
372900,-1
373000,0
373100,-1
373200,0
373300,0
373400,-1
373500,-2
373600,-1
373700,3
373800,1
373900,-1
374000,-1
374100,1
374200,1
374300,0
374400,0
374500,0
374600,0
374701,0
374800,0
374900,0
375000,0
375100,0
375200,0
375300,0
375400,-1
375500,1
375600,-1
375700,-1
375800,1
375900,2
376000,0
376100,-1
376200,1
376300,0
376400,0
376500,-1
376600,0
376700,0
376800,0
376900,0
377000,0
377100,0
377200,0
377300,0
377400,1
377500,0
377600,0
377700,0
377800,0
377901,0
378000,0
378100,0
378200,0
378300,0
378400,0
378500,0
378600,0
378700,0
378800,0
378900,0
379000,0
379100,0
379200,0
379300,0
379400,0
379500,0
379600,0
379700,0
379800,-1
379900,0
380000,0
380100,0
380200,0
380300,0
380400,0
380500,0
380600,0
380700,0
380800,0
380900,0
381000,0
381101,0
381200,0
381300,0
381400,0
381500,0
381600,0
381700,0
381800,0
381900,0
382000,1
382100,0
382200,0
382300,-1
382400,1
382500,0
382600,0
382700,0
382800,0
382900,0
383000,0
383100,0
383200,0
383300,0
383400,0
383500,-2
383600,-2
383700,0
383800,-1
383900,-2
384000,-4
384100,-2
384200,-1
384301,-3
384400,-1
384500,-1
384600,4
384700,12
384800,10
384900,-1
385000,-10
385100,-6
385200,3
385300,14
385400,17
385500,11
385600,8
385700,7
385800,4
385900,5
386000,11
386100,7
386200,2
386300,0
386400,1
386500,5
386600,10
386700,6
386800,2
386900,2
387000,1
387100,4
387200,4
387300,5
387400,10
387501,10
387600,9
387700,11
387800,16
387900,12
388000,9
388100,12
388200,14
388300,19
388400,17
388500,17
388600,14
388700,11
388800,8
388900,5
389000,4
389100,2
389200,-2
389300,-2
389400,1
389500,1
389600,1
389700,0
389800,0
389900,1
390000,0
390100,1
390200,0
390300,0
390400,0
390500,0
390600,0
390701,0
390800,0
390900,0
391000,0
391100,1
391200,0
391300,0
391400,-2
391500,0
391600,6
391700,9
391800,7
391900,4
392000,3
392100,6
392200,5
392300,1
392400,-1
392500,-1
392600,0
392700,1
392800,2
392900,1
393000,0
393100,-1
393200,1
393300,0
393400,0
393500,0
393600,0
393700,1
393800,0
393901,0
394000,0
394100,0
394200,0
394300,0
394400,0
394500,0
394600,0
394700,0
394800,0
394900,0
395000,0
395100,0
395200,0
395300,0
395400,0
395500,1
395600,0
395700,0
395800,0
395900,0
396000,0
396100,0
396200,0
396300,0
396400,0
396500,0
396600,0
396700,0
396800,0
396900,0
397000,0
397101,0
397200,-1
397300,0
397400,0
397500,0
397600,0
397700,1
397800,-2
397900,-2
398000,5
398100,9
398200,9
398300,2
398400,-1
398500,4
398600,5
398700,0
398800,-2
398900,0
399000,1
399100,2
399200,1
399300,0
399400,1
399500,1
399600,0
399700,-1
399800,0
399900,2
400000,1
400100,-1
400200,0
400301,1
400400,0
400500,0
400600,0
400700,0
400800,0
400900,-1
401000,0
401100,0
401200,0
401300,-1
401400,0
401500,0
401600,0
401700,0
401800,0
401900,0
402000,0
402100,0
402200,0
402300,0
402400,0
402500,2
402600,1
402700,-1
402800,-3
402900,2
403000,7
403100,3
403200,-1
403300,-1
403400,0
403501,0
403600,2
403700,0
403800,-1
403900,-1
404000,-1
404100,0
404200,1
404300,0
404400,0
404500,1
404600,0
404700,0
404800,0
404900,0
405000,1
405100,5
405200,10
405300,5
405400,1
405500,2
405600,4
405700,3
405800,2
405900,2
406000,-1
406100,-1
406200,1
406300,2
406400,1
406500,-1
406600,0
406701,0
406800,1
406900,0
407000,0
407100,0
407200,0
407300,0
407400,0
407500,0
407600,0
407700,0
407800,0
407900,0
408000,0
408100,0
408200,0
408300,0
408400,0
408500,0
408600,0
408700,0
408800,1
408900,2
409000,0
409100,0
409200,0
409300,1
409400,0
409500,0
409600,1
409700,0
409800,0
409901,0
410000,0
410100,0
410200,0
410300,0
410400,0
410500,0
410600,0
410700,0
410800,0
410900,0
411000,0
411100,0
411200,0
411300,0
411400,-1
411500,0
411600,0
411700,0
411800,0
411900,0
412000,1
412100,-1
412200,0
412300,1
412400,0
412500,0
412600,0
412700,0
412800,0
412900,0
413000,0
413101,0
413200,0
413300,0
413400,1
413500,0
413600,0
413700,0
413800,1
413900,0
414000,0
414100,0
414200,0
414300,0
414400,0
414500,0
414600,0
414700,0
414800,-1
414900,0
415000,0
415100,0
415200,0
415300,0
415400,0
415500,0
415600,0
415700,0
415800,0
415900,0
416000,0
416100,0
416200,0
416301,0
416400,0
416500,0
416600,0
416700,1
416800,1
416900,0
417000,-1
417100,0
417200,0
417300,0
417400,0
417500,0
417600,0
417700,1
417800,1
417900,0
418000,0
418100,0
418200,0
418300,0
418400,0
418500,0
418600,0
418700,0
418800,0
418900,0
419000,0
419100,0
419200,0
419300,0
419400,0
419501,0
419600,0
419700,0
419800,0
419900,-1
420000,0
420100,0
420200,-1
420300,-2
420400,-1
420500,2
420600,0
420700,0
420800,1
420900,0
421000,0
421100,1
421200,0
421300,0
421400,1
421500,0
421600,0
421700,-1
421800,1
421900,1
422000,0
422100,-1
422200,0
422300,0
422400,0
422500,0
422600,0
422701,0
422800,0
422900,0
423000,0
423100,0
423200,0
423300,0
423400,0
423500,0
423600,0
423700,1
423800,1
423900,0
424000,-1
424100,0
424200,0
424300,-1
424400,0
424500,0
424600,0
424700,-1
424800,0
424900,0
425000,-1
425100,0
425200,1
425300,0
425400,-1
425500,0
425600,0
425700,-1
425800,0
425901,0
426000,0
426100,0
426200,1
426300,0
426400,0
426500,0
426600,0
426700,0
426800,0
426900,0
427000,0
427100,0
427200,1
427300,0
427400,0
427500,1
427600,0
427700,-1
427800,1
427900,0
428000,0
428100,0
428200,0
428300,0
428400,0
428500,0
428600,0
428700,0
428800,0
428900,0
429000,0
429101,0
429200,0
429300,0
429400,0
429500,0
429600,0
429700,0
429800,0
429900,0
430000,0
430100,-1
430200,0
430300,0
430400,0
430500,-1
430600,0
430700,0
430800,-1
430900,0
431000,0
431100,-1
431200,0
431300,1
431400,-1
431500,0
431600,-1
431700,-3
431800,-4
431900,1
432000,3
432100,1
432200,-3
432301,-1
432400,2
432500,2
432600,1
432700,-1
432800,0
432900,1
433000,0
433100,-1
433200,0
433300,0
433400,0
433500,0
433600,0
433700,0
433800,0
433900,-1
434000,0
434100,0
434200,0
434300,0
434400,0
434500,0
434600,0
434700,0
434800,0
434900,0
435000,0
435100,0
435200,0
435300,0
435400,0
435501,0
435600,0
435700,0
435800,0
435900,0
436000,0
436100,0
436200,3
436300,0
436400,-1
436500,-1
436600,0
436700,-1
436800,0
436900,1
437000,1
437100,0
437200,0
437300,0
437400,0
437500,0
437600,0
437700,0
437800,0
437900,0
438000,0
438100,0
438200,0
438300,0
438400,0
438500,1
438600,0
438701,0
438800,0
438900,0
439000,1
439100,1
439200,-1
439300,-1
439400,0
439500,1
439600,0
439700,0
439800,0
439900,0
440000,0
440100,-1
440200,1
440300,0
440400,0
440500,0
440600,1
440700,0
440800,0
440900,1
441000,0
441100,0
441200,0
441300,-1
441400,1
441500,-1
441600,-1
441700,0
441800,-1
441901,1
442000,1
442100,1
442200,-1
442300,1
442400,0
442500,0
442600,-1
442700,0
442800,0
442900,1
443000,-1
443100,0
443200,1
443300,0
443400,0
443500,0
443600,0
443700,0
443800,0
443900,0
444000,0
444100,0
444200,0
444300,0
444400,1
444500,1
444600,0
444700,-1
444800,1
444900,0
445000,-2
445101,-1
445200,1
445300,0
445400,0
445500,1
445600,1
445700,0
445800,0
445900,0
446000,0
446100,0
446200,0
446300,0
446400,0
446500,0
446600,-1
446700,0
446800,0
446900,0
447000,0
447100,0
447200,0
447300,1
447400,-1
447500,-1
447600,0
447700,1
447800,0
447900,0
448000,0
448100,1
448200,0
448301,0
448400,-1
448500,0
448600,0
448700,0
448800,0
448900,0
449000,0
449100,0
449200,0
449300,0
449400,0
449500,1
449600,0
449700,1
449800,0
449900,0
450000,0
450100,0
450200,0
450300,0
450400,0
450500,0
450600,0
450700,0
450800,0
450900,0
451000,0
451100,0
451200,0
451300,0
451400,0
451501,0
451600,-1
451700,0
451800,0
451900,0
452000,0
452100,0
452200,0
452300,0
452400,0
452500,-1
452600,-1
452700,1
452800,0
452900,-1
453000,0
453100,0
453200,0
453300,0
453400,0
453500,0
453600,0
453700,0
453800,0
453900,0
454000,0
454100,0
454200,0
454300,0
454400,0
454500,-1
454600,0
454701,0
454800,-1
454900,0
455000,-1
455100,1
455200,1
455300,1
455400,-1
455500,0
455600,0
455700,0
455800,0
455900,0
456000,0
456100,0
456200,0
456300,0
456400,0
456500,0
456600,0
456700,0
456800,0
456900,1
457000,0
457100,0
457200,0
457300,0
457400,-1
457500,0
457600,0
457700,0
457800,-1
457901,-1
458000,1
458100,0
458200,-1
458300,0
458400,0
458500,0
458600,-1
458700,0
458800,0
458900,0
459000,0
459100,0
459200,0
459300,0
459400,0
459500,0
459600,1
459700,0
459800,0
459900,0
460000,0
460100,0
460200,0
460300,0
460400,0
460500,0
460600,0
460700,0
460800,0
460900,-1
461000,0
461101,0
461200,-1
461300,-1
461400,0
461500,0
461600,1
461700,0
461800,0
461900,0
462000,0
462100,0
462200,0
462300,0
462400,0
462500,0
462600,0
462700,0
462800,0
462900,1
463000,0
463100,0
463200,0
463300,1
463400,0
463500,0
463600,0
463700,0
463800,0
463900,0
464000,0
464100,1
464200,0
464301,0
464400,-1
464500,-1
464600,-1
464700,1
464800,-1
464900,0
465000,1
465100,0
465200,0
465300,0
465400,0
465500,-1
465600,1
465700,0
465800,0
465900,0
466000,0
466100,0
466200,0
466300,0
466400,0
466500,0
466600,0
466700,0
466800,0
466900,0
467000,0
467100,0
467200,0
467300,0
467400,0
467501,0
467600,0
467700,0
467800,0
467900,0
468000,0
468100,0
468200,0
468300,0
468400,-1
468500,0
468600,1
468700,0
468800,-1
468900,-1
469000,1
469100,-1
469200,0
469300,1
469400,1
469500,0
469600,0
469700,1
469800,0
469900,0
470000,0
470100,0
470200,0
470300,0
470400,0
470500,0
470600,0
470701,0
470800,0
470900,0
471000,0
471100,0
471200,0
471300,0
471400,0
471500,0
471600,0
471700,0
471800,0
471900,0
472000,0
472100,0
472200,0
472300,0
472400,1
472500,0
472600,1
472700,0
472800,1
472900,0
473000,0
473100,0
473200,0
473300,0
473400,0
473500,0
473600,0
473700,0
473800,0
473901,0
474000,1
474100,-1
474200,-1
474300,2
474400,1
474500,0
474600,-1
474700,0
474800,0
474900,0
475000,-1
475100,0
475200,0
475300,0
475400,0
475500,0
475600,0
475700,0
475800,0
475900,0
476000,0
476100,0
476200,0
476300,0
476400,0
476500,0
476600,1
476700,1
476800,-1
476900,-2
477000,1
477101,0
477200,-2
477300,0
477400,1
477500,0
477600,-1
477700,0
477800,1
477900,0
478000,0
478100,1
478200,-1
478300,-1
478400,1
478500,1
478600,1
478700,-2
478800,-2
478900,-2
479000,-1
479100,-1
479200,1
479300,1
479400,0
479500,0
479600,1
479700,0
479800,0
479900,0
480000,0
480100,0
480200,0
480301,1
480400,0
480500,0
480600,1
480700,0
480800,1
480900,1
481000,0
481100,-1
481200,0
481300,0
481400,1
481500,0
481600,0
481700,0
481800,0
481900,0
482000,0
482100,0
482200,0
482300,0
482400,0
482500,0
482600,-1
482700,0
482800,1
482900,1
483000,-1
483100,-1
483200,-1
483300,-1
483400,0
483501,0
483600,1
483700,1
483800,0
483900,0
484000,0
484100,0
484200,0
484300,0
484400,0
484500,0
484600,0
484700,1
484800,0
484900,0
485000,0
485100,0
485200,0
485300,0
485400,0
485500,0
485600,0
485700,0
485800,0
485900,0
486000,0
486100,0
486200,0
486300,0
486400,0
486500,0
486600,0
486701,0
486800,1
486900,-1
487000,-1
487100,-1
487200,0
487300,-1
487400,0
487500,0
487600,1
487700,0
487800,-1
487900,0
488000,0
488100,1
488200,0
488300,-1
488400,0
488500,0
488600,0
488700,-1
488800,0
488900,0
489000,0
489100,0
489200,0
489300,0
489400,1
489500,1
489600,0
489700,0
489800,-1
489901,0
490000,0
490100,0
490200,0
490300,0
490400,0
490500,0
490600,0
490700,0
490800,0
490900,0
491000,0
491100,0
491200,1
491300,0
491400,0
491500,1
491600,0
491700,0
491800,0
491900,0
492000,0
492100,0
492200,0
492300,0
492400,0
492500,0
492600,0
492700,0
492800,0
492900,0
493000,0
493101,0
493200,0
493300,0
493400,0
493500,0
493600,0
493700,0
493800,0
493900,0
494000,0
494100,0
494200,0
494300,0
494400,-1
494500,0
494600,0
494700,-1
494800,0
494900,0
495000,0
495100,-1
495200,0
495300,0
495400,-1
495500,-1
495600,0
495700,0
495800,0
495900,-1
496000,0
496100,0
496200,-1
496301,0
496400,0
496500,0
496600,1
496700,0
496800,1
496900,0
497000,0
497100,0
497200,1
497300,0
497400,0
497500,0
497600,0
497700,0
497800,0
497900,0
498000,0
498100,-1
498200,0
498300,0
498400,0
498500,0
498600,0
498700,1
498800,0
498900,0
499000,0
499100,0
499200,1
499300,-1
499400,0
499501,0
499600,0
499700,0
499800,0
499900,0
500000,0
500100,0
500200,0
500300,0
500400,0
500500,1
500600,0
500700,1
500800,0
500900,0
501000,0
501100,0
501200,0
501300,0
501400,1
501500,0
501600,0
501700,0
501800,1
501900,0
502000,-1
502100,0
502200,0
502300,0
502400,0
502500,0
502600,0
502701,0
502800,0
502900,0
503000,0
503100,0
503200,0
503300,0
503400,0
503500,0
503600,0
503700,0
503800,-1
503900,1
504000,0
504100,0
504200,-1
504300,0
504400,1
504500,0
504600,0
504700,0
504800,1
504900,0
505000,0
505100,0
505200,1
505300,0
505400,0
505500,0
505600,0
505700,0
505800,0
505901,0
506000,0
506100,1
506200,0
506300,-1
506400,0
506500,-1
506600,0
506700,0
506800,0
506900,0
507000,1
507100,1
507200,0
507300,0
507400,0
507500,0
507600,0
507700,0
507800,-1
507900,0
508000,1
508100,0
508200,0
508300,0
508400,1
508500,0
508600,0
508700,0
508800,0
508900,0
509000,0
509101,0
509200,0
509300,0
509400,-1
509500,0
509600,0
509700,0
509800,0
509900,0
510000,0
510100,0
510200,0
510300,0
510400,0
510500,0
510600,0
510700,1
510800,0
510900,-1
511000,-2
511100,1
511200,1
511300,1
511400,0
511500,-1
511600,0
511700,1
511800,0
511900,0
512000,0
512100,0
512200,0
512301,0
512400,-1
512500,0
512600,0
512700,1
512800,0
512900,0
513000,0
513100,0
513200,0
513300,0
513400,0
513500,0
513600,0
513700,0
513800,0
513900,0
514000,0
514100,0
514200,0
514300,0
514400,0
514500,0
514600,0
514700,0
514800,1
514900,0
515000,0
515100,0
515200,0
515300,0
515400,0
515501,0
515600,0
515700,0
515800,0
515900,0
516000,0
516100,0
516200,0
516300,0
516400,0
516500,0
516600,0
516700,0
516800,0
516900,0
517000,0
517100,0
517200,0
517300,0
517400,-1
517500,0
517600,0
517700,0
517800,-2
517900,0
518000,-1
518100,0
518200,1
518300,-1
518400,0
518500,0
518600,1
518701,0
518800,-1
518900,0
519000,0
519100,0
519200,1
519300,0
519400,0
519500,0
519600,0
519700,0
519800,0
519900,0
520000,0
520100,0
520200,0
520300,0
520400,0
520500,0
520600,0
520700,0
520800,0
520900,0
521000,0
521100,0
521200,0
521300,0
521400,0
521500,1
521600,0
521700,0
521800,0
521901,0
522000,1
522100,0
522200,-1
522300,1
522400,0
522500,-1
522600,0
522700,-1
522800,-1
522900,0
523000,2
523100,0
523200,-1
523300,0
523400,0
523500,1
523600,0
523700,-1
523800,-1
523900,0
524000,0
524100,0
524200,0
524300,1
524400,0
524500,0
524600,1
524700,0
524800,0
524900,0
525000,1
525101,0
525200,0
525300,0
525400,0
525500,0
525600,0
525700,0
525800,0
525900,1
526000,-1
526100,0
526200,-1
526300,0
526400,1
526500,0
526600,0
526700,0
526800,0
526900,0
527000,0
527100,0
527200,0
527300,0
527400,0
527500,0
527600,1
527700,0
527800,0
527900,0
528000,0
528100,0
528200,0
528301,0
528400,0
528500,0
528600,0
528700,0
528800,0
528900,0
529000,-1
529100,0
529200,0
529300,0
529400,0
529500,0
529600,0
529700,0
529800,0
529900,0
530000,0
530100,0
530200,-1
530300,0
530400,0
530500,0
530600,0
530700,0
530800,0
530900,0
531000,0
531100,-1
531200,-1
531300,-2
531400,0
531501,1
531600,0
531700,0
531800,-1
531900,0
532000,0
532100,0
532200,0
532300,1
532400,0
532500,0
532600,0
532700,0
532800,0
532900,0
533000,0
533100,0
533200,0
533300,0
533400,0
533500,0
533600,-1
533700,0
533800,0
533900,0
534000,0
534100,0
534200,0
534300,0
534400,0
534500,0
534600,0
534701,0
534800,1
534900,0
535000,0
535100,0
535200,0
535300,0
535400,0
535500,-1
535600,0
535700,0
535800,-1
535900,0
536000,0
536100,0
536200,-1
536300,0
536400,0
536500,-1
536600,-2
536700,-1
536800,1
536900,1
537000,0
537100,0
537200,0
537300,0
537400,0
537500,0
537600,0
537700,0
537800,0
537901,1
538000,0
538100,0
538200,0
538300,0
538400,0
538500,0
538600,0
538700,0
538800,0
538900,0
539000,0
539100,0
539200,0
539300,1
539400,0
539500,0
539600,0
539700,0
539800,0
539900,0
540000,0
540100,0
540200,0
540300,0
540400,0
540500,0
540600,0
540700,0
540800,-1
540900,-1
541000,-1
541101,-1
541200,0
541300,1
541400,0
541500,1
541600,0
541700,0
541800,0
541900,1
542000,0
542100,0
542200,1
542300,0
542400,0
542500,0
542600,0
542700,0
542800,0
542900,0
543000,0
543100,0
543200,0
543300,0
543400,0
543500,0
543600,0
543700,0
543800,0
543900,0
544000,0
544100,0
544200,0
544301,0
544400,-1
544500,0
544600,0
544700,-1
544800,0
544900,0
545000,0
545100,-1
545200,0
545300,0
545400,0
545500,0
545600,0
545700,0
545800,1
545900,0
546000,0
546100,0
546200,0
546300,0
546400,0
546500,0
546600,0
546700,-1
546800,0
546900,-1
547000,0
547100,0
547200,-1
547300,1
547400,0
547501,1
547600,-1
547700,0
547800,0
547900,1
548000,0
548100,0
548200,-1
548300,0
548400,0
548500,0
548600,0
548700,0
548800,0
548900,0
549000,0
549100,1
549200,0
549300,0
549400,0
549500,0
549600,0
549700,1
549800,0
549900,0
550000,0
550100,0
550200,0
550300,0
550400,0
550500,0
550600,0
550701,0
550800,0
550900,0
551000,0
551100,0
551200,0
551300,0
551400,0
551500,0
551600,0
551700,0
551800,0
551900,0
552000,0
552100,-1
552200,0
552300,-1
552400,-1
552500,-1
552600,1
552700,1
552800,-1
552900,0
553000,-1
553100,0
553200,0
553300,0
553400,0
553500,1
553600,0
553700,0
553800,1
553901,0
554000,0
554100,0
554200,0
554300,0
554400,0
554500,0
554600,0
554700,0
554800,0
554900,-1
555000,0
555100,0
555200,0
555300,0
555400,0
555500,0
555600,0
555700,0
555800,0
555900,0
556000,0
556100,0
556200,1
556300,0
556400,-1
556500,-2
556600,0
556700,2
556800,1
556900,0
557000,-1
557101,0
557200,1
557300,0
557400,0
557500,0
557600,1
557700,0
557800,0
557900,0
558000,0
558100,0
558200,0
558300,1
558400,0
558500,0
558600,0
558700,0
558800,0
558900,0
559000,0
559100,0
559200,1
559300,0
559400,0
559500,0
559600,0
559700,0
559800,0
559900,1
560000,0
560100,0
560200,0
560301,0
560400,0
560500,0
560600,0
560700,0
560800,0
560900,-1
561000,-1
561100,-1
561200,0
561300,-1
561400,0
561500,0
561600,0
561700,1
561800,0
561900,0
562000,0
562100,0
562200,0
562300,0
562400,0
562500,0
562600,0
562700,0
562800,0
562900,0
563000,0
563100,0
563200,0
563300,0
563400,0
563501,1
563600,0
563700,0
563800,0
563900,0
564000,0
564100,0
564200,0
564300,0
564400,0
564500,0
564600,0
564700,0
564800,0
564900,0
565000,-1
565100,-1
565200,0
565300,1
565400,1
565500,0
565600,0
565700,0
565800,1
565900,0
566000,0
566100,0
566200,0
566300,0
566400,0
566500,0
566600,0
566701,0
566800,-1
566900,0
567000,-1
567100,0
567200,0
567300,1
567400,0
567500,0
567600,0
567700,0
567800,0
567900,0
568000,0
568100,0
568200,0
568300,0
568400,0
568500,0
568600,0
568700,0
568800,0
568900,0
569000,0
569100,0
569200,0
569300,0
569400,0
569500,1
569600,0
569700,0
569800,0
569901,0
570000,0
570100,0
570200,0
570300,0
570400,0
570500,0
570600,0
570700,0
570800,0
570900,0
571000,0
571100,0
571200,-1
571300,0
571400,0
571500,0
571600,0
571700,0
571800,0
571900,0
572000,-1
572100,0
572200,0
572300,-1
572400,-1
572500,0
572600,1
572700,0
572800,-1
572900,-2
573000,1
573101,0
573200,1
573300,0
573400,0
573500,1
573600,0
573700,0
573800,0
573900,0
574000,0
574100,0
574200,0
574300,0
574400,0
574500,0
574600,0
574700,0
574800,1
574900,0
575000,0
575100,0
575200,-1
575300,-1
575400,0
575500,2
575600,0
575700,-1
575800,-1
575900,1
576000,0
576100,1
576200,0
576301,0
576400,0
576500,1
576600,0
576700,0
576800,0
576900,0
577000,0
577100,0
577200,0
577300,0
577400,0
577500,0
577600,0
577700,0
577800,0
577900,0
578000,1
578100,0
578200,0
578300,1
578400,0
578500,0
578600,0
578700,0
578800,1
578900,-1
579000,-1
579100,0
579200,1
579300,0
579400,-1
579501,-1
579600,0
579700,0
579800,1
579900,0
580000,0
580100,0
580200,0
580300,0
580400,0
580500,0
580600,0
580700,1
580800,0
580900,0
581000,0
581100,0
581200,0
581300,0
581400,0
581500,0
581600,0
581700,0
581800,0
581900,0
582000,0
582100,0
582200,0
582300,0
582400,0
582500,0
582600,0
582701,0
582800,0
582900,0
583000,0
583100,0
583200,1
583300,0
583400,0
583500,-1
583600,-1
583700,1
583800,1
583900,0
584000,-1
584100,0
584200,1
584300,0
584400,0
584500,-1
584600,0
584700,0
584800,0
584900,0
585000,-1
585100,0
585200,0
585300,0
585400,0
585500,1
585600,0
585700,0
585800,0
585901,0
586000,0
586100,-1
586200,0
586300,0
586400,0
586500,0
586600,0
586700,1
586800,0
586900,0
587000,-1
587100,0
587200,0
587300,0
587400,0
587500,0
587600,0
587700,0
587800,0
587900,0
588000,1
588100,0
588200,0
588300,0
588400,0
588500,0
588600,0
588700,0
588800,0
588900,0
589000,0
589101,0
589200,0
589300,0
589400,0
589500,0
589600,0
589700,0
589800,0
589900,0
590000,0
590100,0
590200,0
590300,0
590400,0
590500,-1
590600,-2
590700,-1
590800,2
590900,2
591000,-1
591100,-1
591200,0
591300,1
591400,0
591500,0
591600,-1
591700,0
591800,0
591900,0
592000,0
592100,0
592200,0
592301,-1
592400,0
592500,-1
592600,-1
592700,0
592800,1
592900,0
593000,0
593100,-1
593200,0
593300,0
593400,1
593500,0
593600,0
593700,0
593800,0
593900,0
594000,0
594100,0
594200,0
594300,0
594400,0
594500,0
594600,0
594700,1
594800,0
594900,0
595000,-1
595100,0
595200,0
595300,0
595400,0
595501,0
595600,0
595700,0
595800,0
595900,0
596000,0
596100,0
596200,0
596300,0
596400,0
596500,0
596600,0
596700,0
596800,0
596900,0
597000,0
597100,0
597200,0
597300,0
597400,0
597500,0
597600,0
597700,0
597800,0
597900,1
598000,-2
598100,-1
598200,1
598300,0
598400,0
598500,0
598600,0
598701,0
598800,0
598900,1
599000,0
599100,0
599200,1
599300,0
599400,1
599500,0
599600,0
599700,0
599800,1
599900,0
600000,0
600100,0
600200,0
600300,0
600400,0
600500,0
600600,-1
600700,-1
600800,-1
600900,-1
601000,2
601100,1
601200,0
601300,-1
601400,0
601500,0
601600,1
601700,0
601800,0
601901,0
602000,0
602100,0
602200,0
602300,-1
602400,0
602500,0
602600,0
602700,0
602800,0
602900,0
603000,0
603100,0
603200,0
603300,0
603400,0
603500,0
603600,0
603700,0
603800,0
603900,0
604000,1
604100,0
604200,0
604300,0
604400,0
604500,0
604600,0
604700,0
604800,0
604900,0
605000,-1
605101,-2
605200,1
605300,2
605400,1
605500,-1
605600,-1
605700,0
605800,0
605900,1
606000,0
606100,0
606200,0
606300,1
606400,0
606500,0
606600,0
606700,0
606800,0
606900,0
607000,0
607100,0
607200,0
607300,0
607400,0
607500,0
607600,0
607700,0
607800,0
607900,0
608000,0
608100,0
608200,-1
608301,0
608400,-1
608500,-1
608600,-1
608700,0
608800,1
608900,1
609000,0
609100,0
609200,0
609300,1
609400,0
609500,0
609600,0
609700,0
609800,0
609900,0
610000,0
610100,0
610200,0
610300,0
610400,0
610500,0
610600,0
610700,0
610800,0
610900,0
611000,0
611100,0
611200,1
611300,0
611400,0
611501,0
611600,0
611700,0
611800,0
611900,0
612000,0
612100,0
612200,0
612300,0
612400,0
612500,0
612600,1
612700,0
612800,0
612900,0
613000,0
613100,0
613200,0
613300,0
613400,0
613500,0
613600,0
613700,0
613800,0
613900,0
614000,0
614100,0
614200,0
614300,-1
614400,0
614500,0
614600,0
614701,0
614800,0
614900,0
615000,0
615100,0
615200,0
615300,-1
615400,-2
615500,-1
615600,1
615700,1
615800,-1
615900,-1
616000,0
616100,1
616200,0
616300,0
616400,0
616500,1
616600,1
616700,0
616800,0
616900,0
617000,0
617100,0
617200,0
617300,1
617400,0
617500,0
617600,0
617700,0
617800,0
617901,0
618000,0
618100,0
618200,0
618300,0
618400,0
618500,0
618600,0
618700,0
618800,0
618900,0
619000,0
619100,0
619200,0
619300,0
619400,0
619500,0
619600,0
619700,0
619800,0
619900,-1
620000,-2
620100,0
620200,1
620300,0
620400,0
620500,0
620600,0
620700,0
620800,0
620900,0
621000,0
621101,1
621200,0
621300,0
621400,0
621500,-1
621600,0
621700,1
621800,0
621900,0
622000,-1
622100,0
622200,0
622300,0
622400,0
622500,-1
622600,0
622700,0
622800,0
622900,0
623000,0
623100,0
623200,0
623300,-1
623400,0
623500,0
623600,-1
623700,0
623800,1
623900,0
624000,0
624100,0
624200,0
624301,0
624400,0
624500,0
624600,0
624700,0
624800,0
624900,0
625000,0
625100,1
625200,0
625300,0
625400,0
625500,0
625600,0
625700,0
625800,0
625900,0
626000,0
626100,0
626200,0
626300,0
626400,0
626500,0
626600,0
626700,0
626800,0
626900,0
627000,-1
627100,0
627200,0
627300,0
627400,0
627501,0
627600,0
627700,-1
627800,1
627900,0
628000,0
628100,0
628200,-1
628300,0
628400,0
628500,0
628600,0
628700,0
628800,0
628900,0
629000,0
629100,0
629200,1
629300,0
629400,0
629500,-1
629600,0
629700,0
629800,0
629900,0
630000,0
630100,0
630200,0
630300,0
630400,0
630500,0
630600,0
630701,0
630800,0
630900,1
631000,0
631100,0
631200,0
631300,0
631400,0
631500,0
631600,0
631700,0
631800,0
631900,0
632000,0
632100,0
632200,0
632300,0
632400,0
632500,0
632600,-2
632700,-1
632800,-1
632900,-1
633000,0
633100,1
633200,0
633300,-1
633400,0
633500,0
633600,0
633700,0
633800,0
633901,0
634000,0
634100,0
634200,1
634300,0
634400,0
634500,0
634600,0
634700,0
634800,0
634900,0
635000,0
635100,0
635200,0
635300,0
635400,0
635500,0
635600,0
635700,0
635800,0
635900,1
636000,0
636100,-1
636200,-1
636300,1
636400,0
636500,0
636600,0
636700,0
636800,0
636900,0
637000,0
637101,0
637200,0
637300,0
637400,0
637500,0
637600,0
637700,1
637800,0
637900,0
638000,0
638100,0
638200,0
638300,0
638400,0
638500,0
638600,0
638700,0
638800,0
638900,1
639000,0
639100,0
639200,0
639300,0
639400,0
639500,0
639600,0
639700,0
639800,0
639900,0
640000,0
640100,0
640200,0
640301,0
640400,0
640500,0
640600,0
640700,0
640800,0
640900,0
641000,0
641100,1
641200,0
641300,-1
641400,0
641500,1
641600,0
641700,0
641800,0
641900,0
642000,0
642100,0
642200,0
642300,0
642400,0
642500,0
642600,0
642700,0
642800,-2
642900,-1
643000,0
643100,1
643200,1
643300,0
643400,0
643501,0
643600,0
643700,1
643800,0
643900,0
644000,0
644100,0
644200,0
644300,0
644400,0
644500,0
644600,0
644700,0
644800,0
644900,0
645000,0
645100,0
645200,0
645300,0
645400,1
645500,-1
645600,0
645700,-1
645800,-1
645900,0
646000,0
646100,0
646200,1
646300,0
646400,0
646500,0
646600,0
646701,0
646800,0
646900,0
647000,0
647100,0
647200,0
647300,0
647400,0
647500,0
647600,0
647700,0
647800,1
647900,0
648000,0
648100,0
648200,0
648300,0
648400,0
648500,0
648600,0
648700,0
648800,0
648900,0
649000,0
649100,0
649200,0
649300,0
649400,0
649500,0
649600,0
649700,0
649800,0
649901,0
650000,0
650100,0
650200,0
650300,0
650400,0
650500,0
650600,0
650700,0
650800,1
650900,0
651000,-1
651100,0
651200,0
651300,0
651400,0
651500,0
651600,0
651700,0
651800,0
651900,0
652000,0
652100,0
652200,0
652300,0
652400,0
652500,0
652600,0
652700,0
652800,0
652900,0
653000,0
653101,0
653200,0
653300,0
653400,1
653500,0
653600,-1
653700,-1
653800,-1
653900,0
654000,0
654100,1
654200,0
654300,0
654400,0
654500,0
654600,0
654700,0
654800,0
654900,1
655000,0
655100,0
655200,0
655300,0
655400,0
655500,0
655600,0
655700,0
655800,0
655900,0
656000,0
656100,0
656200,0
656301,-1
656400,0
656500,1
656600,0
656700,0
656800,0
656900,0
657000,0
657100,0
657200,1
657300,0
657400,0
657500,0
657600,0
657700,1
657800,0
657900,0
658000,1
658100,0
658200,0
658300,0
658400,0
658500,0
658600,0
658700,0
658800,0
658900,0
659000,1
659100,0
659200,-1
659300,-1
659400,0
659501,1
659600,0
659700,-1
659800,0
659900,0
660000,0
660100,0
660200,-1
660300,0
660400,0
660500,0
660600,0
660700,0
660800,0
660900,-1
661000,1
661100,0
661200,-1
661300,0
661400,-1
661500,0
661600,-1
661700,0
661800,0
661900,1
662000,0
662100,0
662200,-1
662300,0
662400,0
662500,0
662600,0
662701,0
662800,0
662900,0
663000,1
663100,0
663200,0
663300,0
663400,0
663500,0
663600,-1
663700,0
663800,1
663900,0
664000,-1
664100,0
664200,0
664300,0
664400,0
664500,0
664600,0
664700,0
664800,0
664900,0
665000,0
665100,0
665200,0
665300,0
665400,-1
665500,0
665600,1
665700,0
665800,-2
665901,0
666000,1
666100,1
666200,0
666300,-1
666400,0
666500,1
666600,0
666700,0
666800,0
666900,0
667000,0
667100,0
667200,0
667300,0
667400,0
667500,0
667600,0
667700,0
667800,0
667900,0
668000,0
668100,0
668200,0
668300,-1
668400,-2
668500,0
668600,1
668700,1
668800,-1
668900,0
669000,0
669101,1
669200,0
669300,0
669400,0
669500,0
669600,0
669700,0
669800,0
669900,0
670000,1
670100,0
670200,0
670300,-1
670400,0
670500,0
670600,0
670700,0
670800,0
670900,0
671000,0
671100,0
671200,0
671300,0
671400,0
671500,0
671600,1
671700,0
671800,0
671900,0
672000,0
672100,0
672200,0
672301,0
672400,0
672500,0
672600,0
672700,0
672800,0
672900,0
673000,0
673100,0
673200,0
673300,0
673400,0
673500,-1
673600,0
673700,0
673800,1
673900,0
674000,-1
674100,0
674200,0
674300,0
674400,0
674500,-1
674600,0
674700,0
674800,0
674900,0
675000,0
675100,0
675200,0
675300,-1
675400,0
675501,-1
675600,0
675700,1
675800,0
675900,0
676000,0
676100,0
676200,0
676300,0
676400,0
676500,-1
676600,0
676700,0
676800,0
676900,0
677000,0
677100,0
677200,0
677300,0
677400,1
677500,0
677600,0
677700,0
677800,0
677900,0
678000,0
678100,0
678200,0
678300,0
678400,0
678500,0
678600,0
678701,0
678800,0
678900,0
679000,0
679100,0
679200,1
679300,0
679400,0
679500,1
679600,0
679700,0
679800,0
679900,0
680000,0
680100,-1
680200,-2
680300,0
680400,1
680500,1
680600,0
680700,0
680800,1
680900,0
681000,0
681100,0
681200,0
681300,0
681400,0
681500,0
681600,0
681700,0
681800,0
681901,0
682000,0
682100,0
682200,0
682300,0
682400,-1
682500,0
682600,0
682700,0
682800,0
682900,0
683000,0
683100,0
683200,0
683300,0
683400,0
683500,0
683600,1
683700,0
683800,0
683900,0
684000,0
684100,0
684200,-1
684300,-1
684400,0
684500,1
684600,0
684700,-1
684800,0
684900,0
685000,0
685101,0
685200,0
685300,0
685400,0
685500,0
685600,0
685700,0
685800,0
685900,1
686000,0
686100,0
686200,0
686300,0
686400,0
686500,0
686600,0
686700,0
686800,0
686900,0
687000,1
687100,0
687200,0
687300,0
687400,0
687500,0
687600,0
687700,0
687800,0
687900,0
688000,0
688100,0
688200,-1
688301,0
688400,0
688500,0
688600,0
688700,-1
688800,0
688900,0
689000,-1
689100,-1
689200,1
689300,1
689400,0
689500,-1
689600,0
689700,0
689800,1
689900,0
690000,0
690100,0
690200,0
690300,0
690400,0
690500,0
690600,0
690700,0
690800,0
690900,1
691000,0
691100,0
691200,0
691300,1
691400,0
691501,0
691600,0
691700,0
691800,0
691900,0
692000,0
692100,0
692200,0
692300,0
692400,0
692500,0
692600,0
692700,0
692800,0
692900,0
693000,-1
693100,0
693200,1
693300,0
693400,-1
693500,-1
693600,0
693700,0
693800,0
693900,-1
694000,-2
694100,-2
694200,0
694300,1
694400,3
694500,3
694600,0
694701,-1
694800,0
694900,-1
695000,-3
695100,-5
695200,-4
695300,-4
695400,1
695500,6
695600,6
695700,6
695800,4
695900,5
696000,9
696100,9
696200,7
696300,4
696400,3
696500,2
696600,3
696700,4
696800,7
696900,10
697000,7
697100,6
697200,5
697300,7
697400,9
697500,13
697600,8
697700,6
697800,9
697901,7
698000,2
698100,4
698200,5
698300,9
698400,7
698500,4
698600,2
698700,2
698800,8
698900,14
699000,12
699100,13
699200,10
699300,8
699400,9
699500,13
699600,18
699700,14
699800,12
699900,12
700000,10
700100,11
700200,9
700300,7
700400,5
700500,5
700600,3
700700,2
700800,3
700900,7
701000,10
701101,7
701200,9
701300,13
701400,13
701500,7
701600,5
701700,7
701800,8
701900,6
702000,6
702100,9
702200,8
702300,4
702400,5
702500,8
702600,5
702700,1
702800,-1
702900,2
703000,1
703100,1
703200,0
703300,0
703400,0
703500,1
703600,0
703700,0
703800,0
703900,0
704000,0
704100,0
704200,0
704301,0
704400,0
704500,0
704600,0
704700,0
704800,0
704900,0
705000,0
705100,0
705200,1
705300,0
705400,0
705500,1
705600,0
705700,0
705800,0
705900,0
706000,0
706100,0
706200,0
706300,0
706400,0
706500,0
706600,0
706700,0
706800,0
706900,0
707000,0
707100,0
707200,0
707300,0
707400,1
707501,0
707600,1
707700,0
707800,0
707900,0
708000,0
708100,0
708200,0
708300,0
708400,0
708500,0
708600,0
708700,0
708800,0
708900,0
709000,0
709100,0
709200,0
709300,0
709400,0
709500,0
709600,0
709700,0
709800,0
709900,0
710000,0
710100,0
710200,-1
710300,-1
710400,0
710500,1
710600,0
710701,0
710800,1
710900,0
711000,1
711100,0
711200,0
711300,0
711400,0
711500,0
711600,0
711700,0
711800,-1
711900,0
712000,0
712100,0
712200,0
712300,0
712400,0
712500,0
712600,0
712700,0
712800,0
712900,0
713000,0
713100,0
713200,0
713300,-1
713400,0
713500,0
713600,0
713700,0
713800,0
713901,0
714000,0
714100,0
714200,0
714300,0
714400,0
714500,0
714600,0
714700,-1
714800,0
714900,0
715000,0
715100,0
715200,0
715300,0
715400,0
715500,0
715600,0
715700,0
715800,0
715900,0
716000,0
716100,-1
716200,0
716300,-1
716400,0
716500,0
716600,0
716700,0
716800,0
716900,0
717000,0
717101,0
717200,0
717300,0
717400,0
717500,0
717600,0
717700,0
717800,0
717900,0
718000,0
718100,0
718200,0
718300,0
718400,0
718500,0
718600,0
718700,0
718800,0
718900,0
719000,-1
719100,-1
719200,0
719300,2
719400,0
719500,0
719600,0
719700,1
719800,0
719900,0
720000,1
720100,0
720200,0
720301,0
720400,0
720500,0
720600,-1
720700,-1
720800,-1
720900,2
721000,1
721100,-1
721200,0
721300,0
721400,0
721500,0
721600,0
721700,0
721800,0
721900,0
722000,0
722100,0
722200,0
722300,1
722400,0
722500,0
722600,0
722700,0
722800,0
722900,0
723000,0
723100,0
723200,0
723300,0
723400,0
723501,0
723600,0
723700,0
723800,0
723900,0
724000,0
724100,0
724200,0
724300,0
724400,0
724500,0
724600,0
724700,0
724800,0
724900,0
725000,0
725100,0
725200,0
725300,0
725400,0
725500,0
725600,0
725700,0
725800,0
725900,-1
726000,1
726100,0
726200,-1
726300,0
726400,0
726500,0
726600,0
726701,0
726800,0
726900,0
727000,0
727100,0
727200,0
727300,0
727400,0
727500,0
727600,0
727700,0
727800,0
727900,0
728000,1
728100,0
728200,1
728300,-1
728400,-1
728500,2
728600,0
728700,0
728800,0
728900,0
729000,0
729100,1
729200,0
729300,1
729400,0
729500,0
729600,0
729700,-1
729800,0
729901,0
730000,1
730100,0
730200,0
730300,1
730400,2
730500,3
730600,2
730700,0
730800,2
730900,4
731000,3
731100,1
731200,0
731300,1
731400,0
731500,-1
731600,1
731700,1
731800,0
731900,1
732000,0
732100,1
732200,0
732300,0
732400,0
732500,0
732600,0
732700,-1
732800,0
732900,0
733000,0
733101,0
733200,0
733300,0
733400,0
733500,0
733600,0
733700,0
733800,0
733900,0
734000,1
734100,0
734200,1
734300,0
734400,-1
734500,0
734600,0
734700,0
734800,-1
734900,0
735000,0
735100,0
735200,0
735300,0
735400,0
735500,0
735600,0
735700,0
735800,0
735900,0
736000,0
736100,0
736200,0
736301,0
736400,0
736500,0
736600,0
736700,0
736800,0
736900,0
737000,0
737100,0
737200,1
737300,0
737400,1
737500,0
737600,-1
737700,0
737800,0
737900,0
738000,1
738100,0
738200,0
738300,0
738400,0
738500,0
738600,0
738700,0
738800,0
738900,0
739000,0
739100,0
739200,0
739300,0
739400,0
739501,0
739600,0
739700,0
739800,0
739900,0
740000,0
740100,0
740200,0
740300,-1
740400,0
740500,-1
740600,0
740700,-2
740800,0
740900,-1
741000,1
741100,0
741200,0
741300,1
741400,0
741500,1
741600,0
741700,0
741800,0
741900,1
742000,0
742100,0
742200,0
742300,0
742400,0
742500,0
742600,0
742701,-1
742800,0
742900,0
743000,0
743100,-1
743200,0
743300,0
743400,0
743500,-1
743600,0
743700,0
743800,-1
743900,0
744000,0
744100,0
744200,1
744300,0
744400,-2
744500,-1
744600,0
744700,-1
744800,0
744900,1
745000,0
745100,1
745200,1
745300,1
745400,0
745500,0
745600,0
745700,0
745800,1
745901,0
746000,0
746100,0
746200,0
746300,0
746400,0
746500,0
746600,0
746700,0
746800,0
746900,0
747000,0
747100,0
747200,0
747300,1
747400,0
747500,-2
747600,0
747700,1
747800,-1
747900,1
748000,1
748100,0
748200,0
748300,0
748400,0
748500,0
748600,0
748700,0
748800,0
748900,0
749000,0
749101,0
749200,0
749300,0
749400,1
749500,0
749600,0
749700,0
749800,0
749900,0
750000,0
750100,0
750200,0
750300,0
750400,0
750500,0
750600,0
750700,0
750800,0
750900,0
751000,-1
751100,-1
751200,1
751300,1
751400,1
751500,-1
751600,0
751700,0
751800,1
751900,0
752000,0
752100,0
752200,0
752301,0
752400,1
752500,0
752600,1
752700,0
752800,0
752900,0
753000,0
753100,0
753200,0
753300,0
753400,0
753500,0
753600,0
753700,0
753800,0
753900,0
754000,0
754100,0
754200,0
754300,-1
754400,0
754500,0
754600,0
754700,-2
754800,0
754900,-1
755000,1
755100,1
755200,0
755300,0
755400,1
755501,1
755600,0
755700,0
755800,0
755900,0
756000,0
756100,0
756200,0
756300,1
756400,0
756500,0
756600,0
756700,0
756800,0
756900,0
757000,0
757100,0
757200,0
757300,0
757400,-1
757500,0
757600,0
757700,0
757800,-1
757900,0
758000,1
758100,0
758200,-1
758300,0
758400,0
758500,-1
758600,0
758701,0
758800,0
758900,0
759000,0
759100,0
759200,0
759300,0
759400,-1
759500,0
759600,0
759700,0
759800,-1
759900,0
760000,0
760100,-1
760200,0
760300,0
760400,0
760500,0
760600,0
760700,0
760800,0
760900,0
761000,0
761100,1
761200,0
761300,-2
761400,-1
761500,1
761600,1
761700,0
761800,0
761901,0
762000,0
762100,0
762200,0
762300,0
762400,0
762500,0
762600,0
762700,0
762800,1
762900,0
763000,0
763100,1
763200,0
763300,0
763400,0
763500,1
763600,-1
763700,1
763800,1
763900,0
764000,-2
764100,1
764200,2
764300,1
764400,-1
764500,0
764600,1
764700,0
764800,0
764900,0
765000,1
765101,0
765200,0
765300,1
765400,0
765500,0
765600,1
765700,0
765800,0
765900,0
766000,0
766100,0
766200,0
766300,0
766400,0
766500,0
766600,0
766700,0
766800,0
766900,0
767000,-2
767100,-1
767200,1
767300,1
767400,-1
767500,0
767600,1
767700,0
767800,0
767900,0
768000,0
768100,0
768200,0
768301,0
768400,0
768500,0
768600,0
768700,0
768800,0
768900,0
769000,0
769100,0
769200,-1
769300,0
769400,0
769500,0
769600,0
769700,0
769800,0
769900,0
770000,0
770100,0
770200,0
770300,0
770400,0
770500,0
770600,0
770700,0
770800,0
770900,0
771000,0
771100,0
771200,0
771300,0
771400,1
771501,0
771600,0
771700,1
771800,0
771900,0
772000,0
772100,0
772200,1
772300,0
772400,0
772500,0
772600,0
772700,0
772800,0
772900,0
773000,0
773100,0
773200,0
773300,0
773400,0
773500,-1
773600,-1
773700,2
773800,0
773900,-1
774000,0
774100,0
774200,0
774300,0
774400,0
774500,0
774600,0
774701,0
774800,0
774900,0
775000,0
775100,0
775200,0
775300,-1
775400,0
775500,0
775600,-1
775700,0
775800,0
775900,1
776000,0
776100,-2
776200,-1
776300,1
776400,1
776500,0
776600,0
776700,0
776800,1
776900,0
777000,0
777100,0
777200,0
777300,0
777400,0
777500,0
777600,0
777700,0
777800,0
777901,0
778000,0
778100,0
778200,1
778300,0
778400,-1
778500,0
778600,0
778700,0
778800,0
778900,0
779000,0
779100,0
779200,0
779300,-1
779400,-1
779500,0
779600,-1
779700,1
779800,0
779900,1
780000,1
780100,0
780200,0
780300,0
780400,1
780500,0
780600,0
780700,0
780800,0
780900,0
781000,0
781101,0
781200,0
781300,0
781400,0
781500,0
781600,0
781700,0
781800,-1
781900,0
782000,0
782100,0
782200,0
782300,0
782400,0
782500,0
782600,0
782700,0
782800,0
782900,0
783000,0
783100,0
783200,0
783300,0
783400,0
783500,0
783600,1
783700,0
783800,0
783900,1
784000,0
784100,0
784200,0
784301,0
784400,0
784500,0
784600,0
784700,0
784800,0
784900,0
785000,0
785100,0
785200,0
785300,0
785400,0
785500,0
785600,0
785700,0
785800,0
785900,0
786000,0
786100,0
786200,0
786300,0
786400,-1
786500,0
786600,-1
786700,0
786800,0
786900,-1
787000,0
787100,0
787200,-1
787300,0
787400,0
787501,0
787600,-1
787700,0
787800,0
787900,-1
788000,0
788100,1
788200,-1
788300,-1
788400,0
788500,1
788600,1
788700,0
788800,0
788900,1
789000,1
789100,0
789200,0
789300,0
789400,0
789500,-2
789600,-1
789700,-3
789800,1
789900,1
790000,2
790100,1
790200,0
790300,-1
790400,1
790500,0
790600,0
790701,0
790800,0
790900,0
791000,0
791100,0
791200,0
791300,0
791400,0
791500,0
791600,0
791700,0
791800,0
791900,0
792000,0
792100,0
792200,0
792300,0
792400,0
792500,0
792600,-1
792700,1
792800,1
792900,-2
793000,0
793100,1
793200,0
793300,-1
793400,0
793500,0
793600,-1
793700,0
793800,0
793901,-1
794000,0
794100,-1
794200,-1
794300,-1
794400,0
794500,1
794600,0
794700,2
794800,0
794900,-1
795000,0
795100,0
795200,0
795300,1
795400,0
795500,0
795600,1
795700,0
795800,0
795900,0
796000,0
796100,0
796200,0
796300,0
796400,0
796500,0
796600,0
796700,0
796800,0
796900,0
797000,0
797101,0
797200,0
797300,0
797400,0
797500,-1
797600,0
797700,0
797800,-1
797900,0
798000,0
798100,0
798200,0
798300,0
798400,0
798500,0
798600,0
798700,0
798800,0
798900,0
799000,0
799100,0
799200,0
799300,0
799400,0
799500,0
799600,-1
799700,0
799800,-1
799900,-2
800000,0
800100,2
800200,1
800301,1
800400,-1
800500,1
800600,0
800700,0
800800,0
800900,0
801000,0
801100,0
801200,0
801300,0
801400,0
801500,0
801600,-1
801700,1
801800,-1
801900,-1
802000,-1
802100,1
802200,1
802300,0
802400,-1
802500,-1
802600,0
802700,1
802800,-1
802900,0
803000,1
803100,1
803200,0
803300,0
803400,1
803501,0
803600,0
803700,1
803800,0
803900,0
804000,0
804100,0
804200,0
804300,0
804400,0
804500,0
804600,0
804700,0
804800,0
804900,0
805000,0
805100,0
805200,0
805300,0
805400,0
805500,0
805600,-1
805700,0
805800,-1
805900,0
806000,0
806100,1
806200,-2
806300,-1
806400,1
806500,1
806600,0
806701,-1
806800,-1
806900,1
807000,1
807100,0
807200,0
807300,1
807400,0
807500,0
807600,0
807700,0
807800,0
807900,0
808000,0
808100,0
808200,0
808300,0
808400,-1
808500,0
808600,1
808700,0
808800,-1
808900,0
809000,0
809100,0
809200,-1
809300,0
809400,0
809500,-1
809600,0
809700,0
809800,0
809901,0
810000,0
810100,0
810200,0
810300,0
810400,0
810500,0
810600,0
810700,0
810800,1
810900,1
811000,-2
811100,-2
811200,1
811300,2
811400,0
811500,0
811600,0
811700,0
811800,1
811900,0
812000,0
812100,1
812200,0
812300,-1
812400,-1
812500,-1
812600,-1
812700,2
812800,0
812900,1
813000,0
813101,1
813200,1
813300,0
813400,-1
813500,0
813600,-1
813700,-2
813800,0
813900,1
814000,0
814100,0
814200,1
814300,-1
814400,-1
814500,2
814600,1
814700,-1
814800,-1
814900,-1
815000,-2
815100,-1
815200,-1
815300,-1
815400,3
815500,9
815600,7
815700,12
815800,10
815900,3
816000,4
816100,7
816200,10
816301,13
816400,9
816500,5
816600,8
816700,10
816800,16
816900,13
817000,12
817100,15
817200,17
817300,20
817400,17
817500,16
817600,14
817700,12
817800,9
817900,7
818000,5
818100,1
818200,1
818300,3
818400,0
818500,1
818600,2
818700,1
818800,2
818900,3
819000,5
819100,3
819200,-1
819300,0
819400,5
819501,10
819600,12
819700,7
819800,2
819900,4
820000,5
820100,6
820200,3
820300,-2
820400,-2
820500,1
820600,1
820700,-1
820800,-1
820900,-1
821000,0
821100,1
821200,0
821300,-1
821400,1
821500,1
821600,0
821700,0
821800,0
821900,0
822000,0
822100,0
822200,0
822300,0
822400,0
822500,1
822600,0
822701,0
822800,0
822900,0
823000,0
823100,0
823200,0
823300,0
823400,0
823500,0
823600,0
823700,0
823800,0
823900,0
824000,0
824100,0
824200,-1
824300,0
824400,0
824500,0
824600,0
824700,0
824800,0
824900,0
825000,0
825100,0
825200,0
825300,0
825400,0
825500,0
825600,0
825700,0
825800,0
825901,0
826000,0
826100,0
826200,0
826300,0
826400,0
826500,0
826600,-1
826700,0
826800,1
826900,0
827000,0
827100,0
827200,1
827300,1
827400,-1
827500,0
827600,0
827700,0
827800,-1
827900,0
828000,0
828100,0
828200,0
828300,0
828400,0
828500,0
828600,0
828700,0
828800,0
828900,0
829000,0
829101,0
829200,0
829300,0
829400,0
829500,0
829600,0
829700,0
829800,0
829900,0
830000,0
830100,0
830200,0
830300,0
830400,0
830500,0
830600,0
830700,0
830800,-1
830900,0
831000,0
831100,1
831200,0
831300,0
831400,1
831500,0
831600,0
831700,0
831800,0
831900,0
832000,0
832100,0
832200,0
832301,0
832400,0
832500,0
832600,1
832700,0
832800,0
832900,0
833000,0
833100,0
833200,0
833300,0
833400,0
833500,0
833600,0
833700,-1
833800,1
833900,0
834000,1
834100,0
834200,0
834300,0
834400,0
834500,0
834600,0
834700,0
834800,0
834900,0
835000,0
835100,0
835200,0
835300,0
835400,0
835501,0
835600,0
835700,0
835800,0
835900,0
836000,0
836100,1
836200,0
836300,0
836400,1
836500,0
836600,0
836700,0
836800,0
836900,0
837000,1
837100,0
837200,1
837300,0
837400,0
837500,0
837600,0
837700,0
837800,0
837900,0
838000,0
838100,0
838200,0
838300,0
838400,0
838500,0
838600,0
838701,0
838800,0
838900,0
839000,0
839100,0
839200,0
839300,0
839400,0
839500,0
839600,1
839700,-1
839800,-1
839900,1
840000,2
840100,0
840200,0
840300,-1
840400,0
840500,0
840600,0
840700,0
840800,0
840900,0
841000,0
841100,0
841200,0
841300,0
841400,0
841500,1
841600,1
841700,-1
841800,-1
841901,-2
842000,1
842100,1
842200,1
842300,1
842400,0
842500,0
842600,1
842700,0
842800,0
842900,0
843000,0
843100,0
843200,0
843300,0
843400,0
843500,0
843600,0
843700,0
843800,0
843900,-1
844000,0
844100,0
844200,0
844300,1
844400,0
844500,-1
844600,-1
844700,1
844800,1
844900,0
845000,0
845101,-1
845200,0
845300,0
845400,0
845500,0
845600,0
845700,0
845800,0
845900,0
846000,0
846100,0
846200,0
846300,0
846400,0
846500,0
846600,0
846700,0
846800,0
846900,0
847000,0
847100,0
847200,0
847300,0
847400,0
847500,1
847600,0
847700,0
847800,0
847900,0
848000,1
848100,0
848200,-1
848301,0
848400,1
848500,0
848600,0
848700,0
848800,0
848900,0
849000,0
849100,0
849200,0
849300,0
849400,0
849500,0
849600,0
849700,0
849800,0
849900,0
850000,0
850100,1
850200,1
850300,0
850400,0
850500,0
850600,0
850700,0
850800,0
850900,0
851000,0
851100,0
851200,0
851300,0
851400,0
851501,0
851600,-1
851700,0
851800,0
851900,0
852000,0
852100,0
852200,1
852300,0
852400,0
852500,0
852600,1
852700,0
852800,0
852900,1
853000,0
853100,0
853200,1
853300,0
853400,0
853500,1
853600,0
853700,0
853800,0
853900,0
854000,0
854100,0
854200,0
854300,0
854400,0
854500,1
854600,0
854701,-1
854800,0
854900,0
855000,-1
855100,0
855200,0
855300,0
855400,0
855500,0
855600,0
855700,0
855800,0
855900,-1
856000,0
856100,0
856200,-1
856300,0
856400,0
856500,0
856600,-1
856700,0
856800,0
856900,1
857000,0
857100,0
857200,0
857300,0
857400,0
857500,0
857600,0
857700,0
857800,0
857901,0
858000,-1
858100,0
858200,-1
858300,-3
858400,0
858500,2
858600,2
858700,-1
858800,0
858900,-1
859000,0
859100,0
859200,0
859300,0
859400,0
859500,0
859600,0
859700,1
859800,0
859900,0
860000,0
860100,0
860200,0
860300,0
860400,1
860500,0
860600,0
860700,1
860800,0
860900,-1
861000,1
861101,0
861200,0
861300,1
861400,0
861500,0
861600,0
861700,0
861800,0
861900,0
862000,0
862100,0
862200,0
862300,0
862400,0
862500,1
862600,0
862700,0
862800,1
862900,0
863000,0
863100,0
863200,1
863300,0
863400,0
863500,0
863600,0
863700,0
863800,0
863900,0
864000,0
864100,0
864200,0
864301,0
864400,0
864500,0
864600,0
864700,-1
864800,1
864900,-1
865000,0
865100,1
865200,0
865300,-1
865400,1
865500,0
865600,-1
865700,0
865800,0
865900,0
866000,0
866100,0
866200,0
866300,0
866400,0
866500,0
866600,0
866700,-1
866800,1
866900,-1
867000,-1
867100,1
867200,1
867300,0
867400,-1
867501,1
867600,0
867700,0
867800,0
867900,0
868000,0
868100,0
868200,0
868300,0
868400,0
868500,0
868600,0
868700,0
868800,0
868900,0
869000,0
869100,0
869200,0
869300,0
869400,0
869500,0
869600,0
869700,0
869800,0
869900,0
870000,0
870100,0
870200,0
870300,0
870400,0
870500,0
870600,-1
870701,0
870800,0
870900,-1
871000,0
871100,0
871200,-1
871300,0
871400,0
871500,-1
871600,-1
871700,0
871800,1
871900,-1
872000,0
872100,0
872200,0
872300,0
872400,-2
872500,-2
872600,-1
872700,0
872800,-1
872900,2
873000,1
873100,-1
873200,0
873300,0
873400,0
873500,0
873600,0
873700,-1
873800,-1
873901,1
874000,1
874100,1
874200,0
874300,0
874400,1
874500,0
874600,0
874700,1
874800,0
874900,0
875000,0
875100,0
875200,0
875300,0
875400,0
875500,0
875600,0
875700,0
875800,0
875900,0
876000,0
876100,0
876200,0
876300,0
876400,0
876500,0
876600,0
876700,0
876800,0
876900,-1
877000,0
877101,0
877200,1
877300,0
877400,0
877500,0
877600,0
877700,0
877800,0
877900,0
878000,0
878100,0
878200,0
878300,0
878400,1
878500,0
878600,0
878700,0
878800,0
878900,0
879000,0
879100,0
879200,1
879300,0
879400,0
879500,1
879600,0
879700,0
879800,0
879900,0
880000,1
880100,0
880200,0
880301,0
880400,0
880500,0
880600,0
880700,0
880800,0
880900,0
881000,0
881100,0
881200,-1
881300,0
881400,0
881500,0
881600,0
881700,0
881800,0
881900,0
882000,-1
882100,0
882200,0
882300,-1
882400,0
882500,0
882600,-1
882700,-1
882800,-1
882900,1
883000,0
883100,1
883200,1
883300,0
883400,0
883501,0
883600,0
883700,0
883800,0
883900,-1
884000,0
884100,0
884200,0
884300,-1
884400,0
884500,0
884600,0
884700,0
884800,0
884900,0
885000,0
885100,0
885200,0
885300,0
885400,0
885500,0
885600,0
885700,0
885800,0
885900,0
886000,-1
886100,1
886200,-2
886300,-1
886400,1
886500,2
886600,0
886701,-1
886800,0
886900,0
887000,-1
887100,0
887200,0
887300,0
887400,0
887500,0
887600,0
887700,0
887800,-1
887900,0
888000,0
888100,-1
888200,0
888300,0
888400,0
888500,0
888600,0
888700,0
888800,-1
888900,0
889000,-1
889100,-1
889200,0
889300,0
889400,-1
889500,1
889600,1
889700,0
889800,-1
889901,1
890000,0
890100,0
890200,0
890300,0
890400,0
890500,0
890600,0
890700,0
890800,0
890900,0
891000,0
891100,0
891200,0
891300,0
891400,0
891500,0
891600,0
891700,0
891800,0
891900,0
892000,0
892100,0
892200,0
892300,0
892400,0
892500,0
892600,0
892700,0
892800,0
892900,-1
893000,0
